date, pm25, pm10, o3, no2
2023/5/1, 32, 18, 39, 2
2023/5/2, 34, 13, 36, 3
2023/5/3, 38, 19, 43, 6
2023/5/4, 38, 16, 29, 5
2023/5/5, 34, 14, 8, 5
2023/5/6, 31, 18, 23, 5
2023/5/7, 33, 36, 29, 4
2023/5/8, 52, 20, 20, 4
2023/5/9, 30, 19, 25, 3
2023/5/10, 29, 22, 28, 5
2023/5/11, 49, 11, 34, 3
2023/5/12, 17, 17, 47, 3
2023/5/13, 38, 20, 41, 2
2023/5/14, 44, 21, 28, 5
2023/5/15, 54, 13, 30, 1
2023/5/16, 17, 12, 34, 2
2023/5/17, 27, 15, 35, 2
2023/5/18, 35, 16, 39, 3
2023/5/19, 33, 14, 37, 2
2023/5/20, 29, 15, 40, 2
2023/5/21, 39, 36, 38, 4
2023/5/22, 61, 18, 33, 1
2023/5/23, 28, 15, 33, 3
2023/5/24, 25, 15, 34, 2
2023/5/25, 36, 23, 37, 1
2023/5/26, 45, 22, 44, 2
2023/5/27, 44, 20, 44, 3
2023/5/28, 47, 15, 36, 1
2023/5/29, 31, 16, 38, 1
2023/5/30, 35, 10, 41, 3
2023/5/31, 33, , , 
2023/4/1, 8, 9, 30, 1
2023/4/2, 36, 11, 33, 5
2023/4/3, 39, 13, 36, 7
2023/4/4, 49, 22, 37, 9
2023/4/5, 66, 21, 26, 8
2023/4/6, 63, 11, 30, 4
2023/4/7, 33, 18, 31, 4
2023/4/8, 61, 24, 34, 4
2023/4/9, 78, 11, 32, 2
2023/4/10, 34, 15, 35, 2
2023/4/11, 22, 10, 34, 2
2023/4/12, 19, 8, 35, 2
2023/4/13, 19, 12, 35, 5
2023/4/14, 27, 15, 36, 5
2023/4/15, 37, 12, 25, 2
2023/4/16, 47, 23, 36, 3
2023/4/17, 70, 17, 26, 3
2023/4/18, 59, 13, 41, 2
2023/4/19, 44, 13, 34, 3
2023/4/20, 30, 15, 35, 4
2023/4/21, 45, 14, 24, 5
2023/4/22, 38, 13, 31, 2
2023/4/23, 34, 10, 35, 1
2023/4/24, 17, 13, 36, 2
2023/4/25, 21, 14, 35, 6
2023/4/26, 46, 13, 38, 4
2023/4/27, 43, 15, 23, 5
2023/4/28, 40, 18, 36, 2
2023/4/29, 48, 11, 37, 2
2023/4/30, 40, 17, 31, 6
2023/1/2, 27, 11, 25, 4
2023/1/3, 34, 9, 25, 1
2023/1/4, 11, 25, 25, 4
2023/1/5, 16, 7, 23, 2
2023/1/6, 1, 7, 22, 1
2023/1/9, 3, 10, 22, 4
2023/1/10, 14, 12, 28, 2
2023/1/13, 19, 13, 27, 2
2023/1/14, 24, 9, 28, 1
2023/1/15, 15, 5, 27, 3
2023/1/16, 17, 15, 26, 9
2023/1/17, 33, 17, 15, 14
2023/1/18, 65, 17, 13, 10
2023/1/19, 66, 15, 12, 10
2023/1/20, 65, 27, 12, 8
2023/1/21, 90, 15, 16, 5
2023/1/22, 60, 15, 14, 6
2023/1/23, 65, 18, 14, 6
2023/1/24, 67, 47, 8, 11
2023/1/25, 126, 20, 25, 10
2023/1/26, 72, 9, 24, 3
2023/1/27, 44, 15, 23, 5
2023/1/28, 58, 27, 17, 9
2023/1/29, 89, 18, 24, 3
2023/1/30, 52, 18, 16, 7
2023/1/31, 53, 17, 25, 5
2023/2/1, 46, 15, 22, 4
2023/2/2, 38, 10, 23, 4
2023/2/3, 37, 15, 20, 4
2023/2/4, 48, 18, 28, 3
2023/2/5, 50, 22, 17, 8
2023/2/6, 46, 21, 12, 15
2023/2/7, 69, 25, 15, 17
2023/2/8, 71, 26, 11, 13
2023/2/9, 78, 38, 16, 10
2023/2/10, 104, 28, 19, 8
2023/2/11, 79, 22, 17, 7
2023/2/12, 70, 27, 14, 12
2023/2/13, 73, 34, 15, 13
2023/2/14, 89, 40, 17, 13
2023/2/15, 95, 38, 18, 7
2023/2/16, 86, 10, 22, 2
2023/2/17, 21, 10, 25, 2
2023/2/18, 21, 10, 26, 2
2023/2/19, 20, 13, 22, 3
2023/2/20, 44, 15, 18, 4
2023/2/21, 50, 24, 9, 8
2023/2/22, 66, 24, 24, 7
2023/2/23, 68, 14, 26, 5
2023/2/24, 29, 15, 29, 2
2023/2/25, 23, 10, 28, 3
2023/2/26, 31, 10, 26, 6
2023/2/27, 43, 15, 27, 8
2023/2/28, 54, 17, 26, 8
2023/3/1, 60, 21, 21, 6
2023/3/2, 60, 17, 29, 3
2023/3/3, 51, 15, 29, 1
2023/3/4, 23, 9, 28, 2
2023/3/5, 21, 20, 22, 7
2023/3/6, 58, 6, 23, 4
2023/3/7, 21, 12, 21, 7
2023/3/8, 50, 17, 24, 9
2023/3/9, 57, 7, 29, 3
2023/3/10, 14, 16, 30, 6
2023/3/11, 42, 19, 29, 3
2023/3/12, 53, 10, 26, 1
2023/3/13, 20, 15, 31, 3
2023/3/14, 32, 11, 30, 5
2023/3/15, 47, 10, 29, 4
2023/3/16, 40, 15, 30, 5
2023/3/17, 32, 18, 32, 3
2023/3/18, 34, 10, 28, 1
2023/3/19, 26, 11, 26, 4
2023/3/20, 48, 11, 26, 4
2023/3/21, 37, 8, 28, 2
2023/3/22, 16, 10, 31, 2
2023/3/23, 17, 9, 32, 1
2023/3/24, 7, 11, 32, 1
2023/3/25, 18, 14, 31, 2
2023/3/26, 20, 12, 32, 2
2023/3/27, 28, 12, 35, 7
2023/3/28, 44, 10, 27, 5
2023/3/29, 31, 10, 34, 2
2023/3/30, 21, 7, 30, 2
2023/3/31, 12, 4, 28, 2
2022/10/1, 34, 20, 18, 2
2022/10/2, 50, 18, 21, 7
2022/10/3, 51, 19, 22, 6
2022/10/4, 57, 12, 26, 2
2022/10/5, 47, 17, 22, 5
2022/10/6, 47, 21, 24, 5
2022/10/7, 47, 18, 20, 3
2022/10/8, 50, 16, 22, 5
2022/10/9, 56, 15, 17, 6
2022/10/10, 56, 22, 22, 8
2022/10/11, 59, 22, 17, 8
2022/10/12, 65, 20, 13, 7
2022/10/13, 64, 13, 7, 5
2022/10/14, 51, 16, 18, 4
2022/10/15, 46, 13, 22, 2
2022/10/16, 39, 22, 9, 6
2022/10/17, 53, 17, 20, 7
2022/10/18, 57, 15, 16, 8
2022/10/19, 52, 20, 6, 7
2022/10/20, 58, 16, 18, 5
2022/10/21, 43, 19, 19, 4
2022/10/22, 42, 16, 19, 4
2022/10/23, 42, 11, 25, 2
2022/10/24, 37, 12, 18, 4
2022/10/25, 35, 15, 18, 6
2022/10/26, 51, 19, 15, 6
2022/10/27, 43, 30, 14, 7
2022/10/28, 48, 30, 14, 7
2022/10/29, 57, 29, 15, 5
2022/10/30, 49, 28, 9, 9
2022/10/31, 56, 15, 26, 1
2022/11/1, 24, 16, 24, 2
2022/11/2, 28, 13, 20, 3
2022/11/3, 24, 11, 17, 6
2022/11/4, 17, 12, 14, 6
2022/11/5, 44, 9, 19, 1
2022/11/6, 25, 12, 22, 2
2022/11/7, 24, 11, 19, 3
2022/11/8, 14, 12, 22, 3
2022/11/9, 18, 15, 20, 4
2022/11/10, 38, 18, 14, 7
2022/11/11, 45, 27, 8, 12
2022/11/12, 79, 22, 9, 14
2022/11/13, 59, 21, 5, 13
2022/11/14, 54, 12, 19, 4
2022/11/15, 28, 13, 19, 4
2022/11/16, 18, 7, 26, 2
2022/11/17, 13, 13, 15, 6
2022/11/18, 36, 14, 8, 6
2022/11/19, 58, 18, 19, 7
2022/11/20, 61, 13, 15, 6
2022/11/21, 37, 10, 19, 3
2022/11/22, 13, 10, 21, 3
2022/11/23, 13, 17, 21, 4
2022/11/24, 31, 15, 20, 7
2022/11/25, 38, 18, 15, 7
2022/11/26, 55, 10, 12, 4
2022/11/27, 43, 14, 12, 8
2022/11/28, 51, 17, 9, 11
2022/11/29, 66, 17, 5, 11
2022/11/30, 66, 24, 6, 8
2022/12/1, 79, 29, 11, 5
2022/12/2, 86, 21, 8, 5
2022/12/3, 77, 27, 4, 7
2022/12/4, 83, 16, 1, 6
2022/12/5, 64, 9, 13, 6
2022/12/6, 32, 9, 18, 8
2022/12/7, 36, 14, 12, 9
2022/12/8, 49, 28, 15, 9
2022/12/9, 75, 29, 11, 8
2022/12/10, 83, 16, 15, 4
2022/12/11, 57, 23, 10, 13
2022/12/12, 60, 29, 4, 17
2022/12/13, 72, 26, 7, 15
2022/12/14, 65, 43, 1, 20
2022/12/15, 118, 37, 3, 17
2022/12/16, 92, 42, 8, 12
2022/12/17, 113, 27, 9, 13
2022/12/18, 83, 9, 18, 4
2022/12/19, 36, 8, 18, 3
2022/12/20, 18, 12, 16, 6
2022/12/21, 27, 10, 20, 5
2022/12/22, 29, 12, 25, 4
2022/12/23, 26, 29, 24, 3
2022/12/24, 36, 12, 15, 4
2022/12/25, 35, 12, 25, 2
2022/12/26, 21, 12, 21, 4
2022/12/27, 37, 6, 23, 1
2022/12/28, 24, 9, 28, 1
2022/12/29, 13, 10, 22, 2
2022/12/30, 14, 12, 24, 
2022/12/31, 22, 17, 23, 1
2023/1/1, 30, 11, 22, 2
2022/7/1, 45, 11, 30, 3
2022/7/7, 45, 13, 33, 2
2022/7/8, 50, 18, 26, 5
2022/7/9, 61, 13, 26, 1
2022/7/10, 40, 9, 16, 3
2022/7/11, 47, 16, 38, 5
2022/7/12, 51, 22, 39, 6
2022/7/13, 54, 18, 32, 2
2022/7/14, 45, 12, 31, 2
2022/7/15, 42, 13, 34, 3
2022/7/16, 48, 13, 42, 3
2022/7/17, 46, 20, 64, 5
2022/7/18, 47, 28, 82, 9
2022/7/19, 61, 30, 46, 3
2022/7/20, 62, 12, 24, 2
2022/7/21, 44, 11, 32, 3
2022/7/22, 45, 12, 40, 3
2022/7/23, 46, 18, 33, 3
2022/7/24, 49, 24, 26, 4
2022/7/25, 43, 19, 23, 2
2022/7/26, 34, 11, 30, 3
2022/7/27, 42, 16, 36, 2
2022/7/28, 43, 14, 46, 4
2022/7/29, 46, 16, 44, 3
2022/7/30, 55, 15, 24, 3
2022/7/31, 50, 11, 30, 2
2022/8/1, 36, 15, 33, 4
2022/8/2, 40, 21, 36, 4
2022/8/3, 36, 23, 32, 6
2022/8/4, 47, 10, 30, 2
2022/8/5, 38, 10, 31, 3
2022/8/6, 40, 11, 36, 3
2022/8/7, 45, 12, 31, 3
2022/8/8, 51, 13, 37, 2
2022/8/9, 41, 13, 49, 3
2022/8/10, 46, 21, 69, 4
2022/8/11, 55, 24, 71, 5
2022/8/12, 56, 23, 57, 4
2022/8/13, 42, 22, 63, 5
2022/8/14, 55, 20, 39, 4
2022/8/15, 50, 21, 60, 5
2022/8/16, 49, 24, 39, 5
2022/8/17, 69, 20, 47, 4
2022/8/18, 63, 19, 19, 6
2022/8/19, 64, 20, 34, 4
2022/8/20, 52, 17, 33, 6
2022/8/21, 59, 17, 41, 6
2022/8/22, 56, 21, 39, 7
2022/8/23, 57, 19, 56, 6
2022/8/24, 54, 24, 68, 6
2022/8/25, 60, 16, 28, 2
2022/8/26, 39, 14, 28, 3
2022/8/27, 47, 12, 29, 1
2022/8/28, 43, 16, 34, 3
2022/8/29, 48, 15, 35, 3
2022/8/30, 50, 14, 36, 3
2022/8/31, 47, 19, 43, 4
2022/9/1, 54, 26, 43, 5
2022/9/2, 61, 21, 48, 5
2022/9/3, 49, 19, 37, 4
2022/9/4, 51, 20, 46, 6
2022/9/5, 54, 15, 43, 4
2022/9/6, 45, 13, 34, 4
2022/9/7, 40, 12, 25, 4
2022/9/8, 31, 10, 20, 2
2022/9/9, 22, 12, 19, 3
2022/9/10, 36, 15, 31, 4
2022/9/11, 54, 16, 36, 7
2022/9/12, 52, 16, 31, 9
2022/9/13, 50, 12, 17, 5
2022/9/14, 35, 17, 21, 5
2022/9/15, 49, 13, 22, 2
2022/9/16, 44, 13, 22, 1
2022/9/17, 47, 7, 18, 1
2022/9/18, 45, 12, 23, 4
2022/9/19, 50, 14, 23, 4
2022/9/20, 54, 17, 26, 6
2022/9/21, 60, 22, 31, 8
2022/9/22, 67, 20, 21, 10
2022/9/23, 66, 15, 26, 3
2022/9/24, 55, 11, 23, 3
2022/9/25, 39, 10, 18, 4
2022/9/26, 38, 8, 18, 3
2022/9/27, 33, 13, 19, 5
2022/9/28, 38, 18, 18, 6
2022/9/29, 49, 19, 22, 5
2022/9/30, 55, 11, 23, 2
2022/4/1, 31, 10, 30, 2
2022/4/2, 34, 13, 31, 4
2022/4/3, 43, 10, 26, 5
2022/4/4, 45, 9, 21, 3
2022/4/5, 35, 12, 26, 3
2022/4/6, 34, 12, 30, 1
2022/4/7, 20, 11, 29, 4
2022/4/8, 40, 12, 31, 2
2022/4/9, 36, 18, 33, 5
2022/4/10, 55, 18, 34, 11
2022/4/11, 59, 16, 34, 5
2022/4/12, 48, 39, 18, 10
2022/4/13, 72, 34, 30, 7
2022/4/14, 64, 17, 29, 4
2022/4/15, 60, 16, 34, 4
2022/4/16, 62, 14, 33, 4
2022/4/17, 51, 15, 38, 5
2022/4/18, 47, 14, 38, 6
2022/4/19, 53, 13, 36, 5
2022/4/20, 48, 17, 34, 5
2022/4/21, 46, 18, 29, 3
2022/4/22, 50, 21, 34, 3
2022/4/23, 65, 14, 37, 2
2022/4/24, 41, 17, 22, 4
2022/4/25, 54, 15, 34, 3
2022/4/26, 44, 17, 37, 3
2022/4/27, 52, 19, 36, 4
2022/4/28, 55, 22, 28, 4
2022/4/29, 59, 15, 30, 2
2022/4/30, 48, 15, 35, 3
2022/5/1, 53, 18, 38, 5
2022/5/2, 52, 16, 30, 4
2022/5/3, 35, 18, 30, 4
2022/5/4, 42, 28, 31, 6
2022/5/5, 64, 25, 30, 5
2022/5/6, 61, 25, 31, 7
2022/5/7, 59, 15, 35, 1
2022/5/8, 43, 21, 40, 4
2022/5/9, 47, 33, 38, 6
2022/5/10, 54, 19, 33, 3
2022/5/11, 33, 16, 31, 3
2022/5/12, 47, 18, 31, 3
2022/5/13, 52, 23, 39, 4
2022/5/14, 54, 24, 47, 4
2022/5/15, 61, 23, 30, 4
2022/5/16, 51, 20, 35, 8
2022/5/17, 47, 24, 39, 6
2022/5/18, 49, 34, 31, 5
2022/5/19, 56, 26, 30, 7
2022/5/20, 61, 14, 29, 2
2022/5/21, 49, 18, 44, 4
2022/5/22, 53, 22, 29, 6
2022/5/23, 57, 12, 28, 2
2022/5/24, 39, 13, 28, 3
2022/5/25, 48, 14, 27, 1
2022/5/26, 55, 17, 30, 1
2022/5/27, 50, 15, 28, 1
2022/5/28, 49, 11, 24, 1
2022/5/29, 47, 14, 30, 2
2022/5/30, 43, 17, 30, 8
2022/5/31, 57, 19, 29, 5
2022/6/1, 59, 13, 39, 4
2022/6/2, 53, 14, 43, 4
2022/6/3, 49, 14, 41, 2
2022/6/4, 48, 24, 29, 4
2022/6/5, 64, 18, 26, 1
2022/6/6, 50, 14, 27, 3
2022/6/7, 48, 15, 19, 4
2022/6/8, 39, 19, 23, 3
2022/6/9, 40, 18, 25, 4
2022/6/10, 51, 13, 30, 3
2022/6/11, 45, 17, 31, 4
2022/6/12, 48, 14, 30, 3
2022/6/13, 45, 12, 36, 3
2022/6/14, 46, 14, 45, 3
2022/6/15, 48, 13, 41, 2
2022/6/16, 44, 20, 43, 6
2022/6/17, 55, 24, 54, 4
2022/6/18, 60, 18, 24, 1
2022/6/19, 38, 19, 27, 2
2022/6/20, 46, 17, 26, 4
2022/6/21, 51, 13, 41, 3
2022/6/22, 43, 18, 34, 3
2022/6/23, 51, 15, 31, 3
2022/6/24, 39, 10, 18, 2
2022/6/25, 50, 10, 24, 2
2022/6/26, 54, 14, 21, 5
2022/6/27, 58, 10, 34, 3
2022/6/28, 51, 18, 42, 5
2022/6/29, 71, 17, 28, 6
2022/6/30, 33, 13, 24, 2
2022/1/3, 46, 8, 28, 4
2022/1/4, 33, 12, 21, 3
2022/1/5, 30, 15, 19, 8
2022/1/6, 48, 10, 23, 4
2022/1/7, 38, 10, 24, 5
2022/1/8, 44, 15, 27, 5
2022/1/9, 44, 21, 6, 14
2022/1/10, 71, 22, 9, 12
2022/1/11, 69, 22, 6, 12
2022/1/12, 75, 13, 3, 15
2022/1/13, 64, 21, 6, 18
2022/1/14, 71, 22, 4, 14
2022/1/15, 78, 30, 9, 9
2022/1/16, 90, 25, 15, 8
2022/1/17, 67, 23, 17, 12
2022/1/18, 66, 21, 18, 11
2022/1/19, 69, 12, 27, 3
2022/1/20, 35, 16, 20, 6
2022/1/21, 41, 20, 16, 5
2022/1/22, 65, 29, 13, 8
2022/1/23, 85, 26, 18, 8
2022/1/24, 80, 47, 10, 11
2022/1/25, 126, 50, 10, 12
2022/1/26, 130, 16, 23, 4
2022/1/27, 53, 21, 18, 8
2022/1/28, 58, 16, 26, 3
2022/1/29, 46, 27, 27, 4
2022/1/30, 52, 22, 30, 2
2022/1/31, 42, 9, 26, 5
2022/2/1, 33, 20, 25, 5
2022/2/2, 47, 13, 24, 4
2022/2/3, 44, 8, 27, 3
2022/2/4, 27, 12, 27, 4
2022/2/5, 46, 9, 31, 1
2022/2/6, 24, 14, 28, 4
2022/2/7, 39, 9, 27, 5
2022/2/8, 46, 9, 25, 5
2022/2/9, 44, 16, 23, 7
2022/2/10, 51, 20, 28, 7
2022/2/11, 50, 24, 24, 10
2022/2/12, 62, 14, 29, 2
2022/2/13, 44, 12, 29, 3
2022/2/14, 29, 12, 27, 5
2022/2/15, 37, 6, 26, 3
2022/2/16, 25, 16, 31, 2
2022/2/17, 32, 20, 31, 6
2022/2/18, 37, 13, 28, 6
2022/2/19, 33, 11, 32, 6
2022/2/20, 33, 15, 31, 5
2022/2/21, 30, 22, 27, 10
2022/2/22, 48, 15, 31, 11
2022/2/23, 45, 12, 31, 4
2022/2/24, 34, 15, 28, 3
2022/2/25, 37, 24, 25, 10
2022/2/26, 66, 21, 27, 9
2022/2/27, 54, 18, 26, 8
2022/2/28, 58, 29, 16, 15
2022/3/1, 78, 25, 22, 15
2022/3/2, 73, 29, 21, 17
2022/3/3, 72, 26, 25, 13
2022/3/4, 62, 35, 24, 12
2022/3/5, 84, 23, 28, 4
2022/3/6, 69, 16, 28, 8
2022/3/7, 54, 19, 28, 8
2022/3/8, 52, 31, 31, 8
2022/3/9, 70, 34, 31, 10
2022/3/10, 74, 27, 27, 6
2022/3/11, 62, 16, 31, 2
2022/3/12, 39, 16, 34, 2
2022/3/13, 46, 16, 28, 5
2022/3/14, 33, 22, 24, 11
2022/3/15, 56, 19, 19, 7
2022/3/16, 58, 13, 28, 5
2022/3/17, 39, 17, 31, 8
2022/3/18, 50, 15, 30, 3
2022/3/19, 53, 32, 31, 5
2022/3/20, 82, 39, 32, 12
2022/3/21, 87, 37, 37, 11
2022/3/22, 84, 42, 43, 14
2022/3/23, 85, 45, 46, 10
2022/3/24, 99, 50, 39, 8
2022/3/25, 103, 35, 41, 5
2022/3/26, 73, 16, 28, 3
2022/3/27, 52, 31, 28, 8
2022/3/28, 62, 36, 32, 6
2022/3/29, 82, 27, 37, 3
2022/3/30, 58, 9, 20, 5
2022/3/31, 32, 9, 27, 3
2021/12/6, 63, 14, 18, 7
2021/12/7, 33, 10, 21, 6
2021/12/8, 36, 10, 25, 5
2021/12/9, 47, 12, 15, 7
2021/12/10, 39, 9, 20, 7
2021/12/11, 58, 16, 16, 10
2021/12/12, 53, 10, 16, 4
2021/12/13, 55, 11, 10, 7
2021/12/14, 64, 15, 15, 9
2021/12/15, 72, 21, 6, 10
2021/12/16, 81, 26, 8, 13
2021/12/17, 68, 14, 17, 8
2021/12/18, 50, 6, 15, 4
2021/12/19, 46, 7, 19, 4
2021/12/20, 53, 21, 20, 10
2021/12/21, 69, 26, 5, 23
2021/12/22, 77, 29, 3, 18
2021/12/23, 78, 25, 9, 11
2021/12/24, 65, 24, 15, 6
2021/12/25, 36, 7, 19, 5
2021/12/26, 54, 15, 11, 11
2021/12/27, 47, 11, 13, 8
2021/12/28, 27, 10, 27, 2
2021/12/29, 41, 9, 19, 5
2021/12/30, 44, 9, 21, 2
2021/12/31, 51, 11, 21, 2
2022/1/1, 60, 17, 18, 2
2022/1/2, 49, 12, 30, 2
2021/7/1, 27, 18, 32, 5
2021/7/2, 45, 19, 31, 4
2021/7/3, 56, 16, 22, 3
2021/7/4, 44, 9, 23, 2
2021/7/5, 15, 11, 24, 1
2021/7/6, 16, 13, 23, 3
2021/7/7, 15, 15, 32, 4
2021/7/8, 44, 15, 34, 2
2021/7/9, 47, 18, 31, 3
2021/7/10, 48, 13, 27, 2
2021/7/11, 35, 10, 30, 5
2021/7/12, 28, 15, 25, 7
2021/7/13, 49, 20, 27, 4
2021/7/15, 16, 22, 23, 2
2021/7/16, 45, 16, 28, 1
2021/7/17, 45, 10, 30, 2
2021/7/18, 37, 14, 31, 2
2021/7/19, 38, 16, 37, 3
2021/7/20, 45, 14, 42, 5
2021/7/21, 49, 16, 37, 4
2021/7/22, 49, 11, 36, 3
2021/7/23, 33, 22, 23, 6
2021/7/24, 55, 15, 27, 2
2021/7/25, 32, 10, 34, 2
2021/7/26, 25, 16, 32, 3
2021/7/27, 41, 15, 26, 1
2021/7/28, 26, 12, 26, 1
2021/7/29, 27, 12, 27, 3
2021/7/30, 29, 10, 31, 1
2021/7/31, 23, 11, 24, 2
2021/8/1, 29, 11, 27, 3
2021/8/2, 16, 15, 34, 5
2021/8/3, 45, 14, 40, 5
2021/8/4, 45, 15, 42, 3
2021/8/5, 46, 9, 22, 1
2021/8/6, 18, 9, 22, 1
2021/8/7, 15, 12, 24, 
2021/8/8, 22, 10, 22, 2
2021/8/9, 23, 10, 21, 2
2021/8/10, 26, 13, 37, 4
2021/8/11, 39, 14, 36, 6
2021/8/12, 48, 15, 29, 6
2021/8/13, 50, 17, 33, 4
2021/8/14, 54, 14, 35, 3
2021/8/15, 38, 15, 24, 1
2021/8/16, 20, 15, 19, 5
2021/8/17, 42, 11, 18, 4
2021/8/18, 32, 11, 23, 3
2021/8/19, 30, 11, 22, 4
2021/8/20, 29, 10, 32, 5
2021/8/21, 38, 10, 28, 1
2021/8/22, 29, 12, 25, 2
2021/8/23, 38, 10, 35, 3
2021/8/24, 40, 11, 39, 4
2021/8/25, 41, 13, 25, 1
2021/8/26, 19, 10, 25, 2
2021/8/27, 17, 10, 25, 2
2021/8/28, 23, 12, 22, 2
2021/8/29, 27, 13, 31, 2
2021/8/30, 35, 14, 30, 2
2021/8/31, 42, 17, 28, 3
2021/9/1, 42, 15, 38, 4
2021/9/2, 57, 17, 41, 6
2021/9/3, 54, 18, 32, 3
2021/9/4, 57, 19, 39, 4
2021/9/5, 55, 18, 42, 7
2021/9/6, 57, 22, 48, 8
2021/9/7, 61, 22, 52, 8
2021/9/8, 56, 24, 40, 5
2021/9/9, 55, 12, 20, 3
2021/9/10, 27, 13, 21, 3
2021/9/11, 29, 11, 31, 3
2021/9/12, 44, 9, 31, 4
2021/9/13, 34, 19, 23, 11
2021/9/14, 55, 15, 28, 3
2021/9/15, 35, 13, 31, 5
2021/9/16, 28, 18, 36, 7
2021/9/17, 56, 16, 34, 5
2021/9/18, 49, 14, 25, 5
2021/9/19, 35, 13, 27, 5
2021/9/20, 38, 11, 26, 8
2021/9/21, 48, 19, 34, 11
2021/9/22, 56, 18, 27, 7
2021/9/23, 59, 19, 23, 5
2021/9/24, 45, 14, 27, 4
2021/9/25, 37, 18, 28, 6
2021/9/26, 49, 13, 24, 3
2021/9/27, 29, 15, 27, 4
2021/9/28, 30, 9, 23, 3
2021/4/1, 79, 12, 32, 2
2021/4/2, 26, 22, 35, 1
2021/4/3, 33, 19, 34, 2
2021/4/4, 40, 18, 32, 2
2021/4/5, 33, 9, 30, 2
2021/4/6, 12, 10, 30, 3
2021/4/7, 16, 15, 30, 6
2021/4/8, 39, 18, 33, 5
2021/4/9, 43, 16, 20, 6
2021/4/10, 44, 8, 32, 1
2021/4/11, 12, 14, 34, 5
2021/4/12, 18, 14, 34, 5
2021/4/13, 38, 14, 35, 8
2021/4/14, 40, 11, 33, 6
2021/4/15, 23, 12, 36, 6
2021/4/16, 22, 15, 36, 3
2021/4/17, 27, 16, 37, 3
2021/4/18, 38, 29, 20, 10
2021/4/19, 67, 27, 36, 7
2021/4/20, 71, 27, 38, 5
2021/4/21, 70, 20, 34, 3
2021/4/22, 36, 18, 37, 4
2021/4/23, 35, 13, 36, 2
2021/4/24, 35, 13, 36, 2
2021/4/25, 31, 14, 38, 4
2021/4/26, 33, 16, 38, 5
2021/4/27, 36, 23, 44, 7
2021/4/28, 50, 22, 35, 4
2021/4/29, 50, 22, 34, 5
2021/4/30, 52, 20, 40, 4
2021/5/1, 50, 15, 35, 2
2021/5/2, 38, 14, 41, 6
2021/5/3, 45, 12, 35, 2
2021/5/4, 18, 9, 31, 3
2021/5/5, 21, 10, 29, 4
2021/5/6, 30, 13, 32, 5
2021/5/7, 34, 13, 31, 4
2021/5/8, 39, 12, 36, 2
2021/5/9, 22, 14, 34, 2
2021/5/10, 22, 16, 27, 6
2021/5/11, 38, 22, 34, 5
2021/5/12, 45, 17, 33, 4
2021/5/13, 42, 18, 35, 4
2021/5/14, 38, 18, 30, 3
2021/5/15, 42, 17, 30, 1
2021/5/16, 23, 11, 31, 2
2021/5/17, 16, 11, 37, 3
2021/5/18, 38, 10, 28, 4
2021/5/19, 48, 15, 35, 5
2021/5/20, 56, 15, 31, 2
2021/5/21, 27, 9, 28, 2
2021/5/22, 21, 11, 36, 1
2021/5/23, 27, 8, 34, 1
2021/5/24, 15, 8, 27, 3
2021/5/25, 16, 12, 34, 2
2021/5/26, 31, 13, 28, 2
2021/5/27, 43, 12, 33, 4
2021/5/28, 37, 15, 39, 3
2021/5/29, 45, 15, 41, 2
2021/5/30, 45, 16, 44, 4
2021/5/31, 44, 17, 55, 5
2021/6/1, 30, 20, 61, 5
2021/6/2, 36, 24, 42, 3
2021/6/3, 50, 29, 47, 5
2021/6/4, 55, 38, 36, 3
2021/6/5, 86, 20, 38, 2
2021/6/6, 54, 15, 45, 3
2021/6/7, 34, 20, 46, 3
2021/6/8, 45, 25, 56, 5
2021/6/9, 68, 18, 52, 8
2021/6/10, 42, 19, 35, 4
2021/6/11, 42, 18, 31, 4
2021/6/12, 41, 18, 40, 2
2021/6/13, 48, 23, 64, 4
2021/6/14, 49, 27, 39, 3
2021/6/15, 44, 24, 64, 5
2021/6/16, 44, 37, 50, 6
2021/6/17, 53, 30, 47, 3
2021/6/18, 49, 21, 32, 2
2021/6/19, 42, 26, 38, 2
2021/6/20, 39, 12, 27, 2
2021/6/21, 32, 21, 26, 3
2021/6/22, 52, 14, 28, 3
2021/6/23, 45, 15, 30, 4
2021/6/24, 42, 24, 31, 5
2021/6/25, 53, 20, 53, 4
2021/6/26, 61, 17, 39, 3
2021/6/27, 49, 18, 30, 5
2021/6/28, 52, 22, 33, 4
2021/6/29, 66, 8, 23, 2
2021/6/30, 16, 12, 22, 2
2021/1/4, 34, 10, 12, 5
2021/1/5, 47, 10, 9, 7
2021/1/6, 43, 9, 20, 7
2021/1/7, 39, 8, 18, 6
2021/1/8, 30, 20, 3, 14
2021/1/9, 71, 32, 4, 17
2021/1/10, 99, 19, 17, 9
2021/1/11, 70, 10, 26, 3
2021/1/12, 29, 15, 15, 10
2021/1/13, 50, 13, 15, 9
2021/1/14, 38, 18, 9, 11
2021/1/15, 62, 19, 14, 11
2021/1/16, 69, 14, 21, 4
2021/1/17, 52, 14, 20, 8
2021/1/18, 51, 7, 22, 4
2021/1/19, 26, 9, 26, 3
2021/1/20, 26, 8, 29, 2
2021/1/21, 18, 12, 25, 9
2021/1/22, 31, 15, 18, 9
2021/1/23, 44, 12, 22, 5
2021/1/24, 41, 15, 17, 9
2021/1/25, 50, 13, 22, 5
2021/1/26, 42, 13, 22, 9
2021/1/27, 47, 11, 15, 11
2021/1/28, 42, 14, 27, 3
2021/1/29, 26, 11, 17, 5
2021/1/30, 31, 15, 14, 7
2021/1/31, 47, 20, 5, 12
2021/2/1, 60, 17, 22, 8
2021/2/2, 46, 12, 24, 5
2021/2/3, 19, 16, 19, 7
2021/2/4, 33, 18, 16, 11
2021/2/5, 46, 24, 15, 10
2021/2/6, 73, 14, 23, 3
2021/2/7, 50, 15, 25, 4
2021/2/8, 52, 16, 24, 8
2021/2/9, 47, 18, 25, 9
2021/2/10, 62, 17, 25, 14
2021/2/11, 67, 22, 25, 12
2021/2/12, 73, 20, 24, 13
2021/2/13, 64, 12, 26, 5
2021/2/14, 44, 11, 21, 5
2021/2/15, 47, 13, 22, 4
2021/2/16, 39, 14, 25, 3
2021/2/17, 31, 10, 26, 4
2021/2/18, 25, 12, 27, 5
2021/2/19, 24, 27, 26, 3
2021/2/20, 49, 20, 30, 3
2021/2/21, 40, 24, 25, 8
2021/2/22, 48, 39, 26, 4
2021/2/23, 56, 37, 27, 4
2021/2/24, 63, 50, 22, 7
2021/2/25, 74, 17, 28, 5
2021/2/26, 45, 18, 22, 6
2021/2/27, 57, 21, 26, 6
2021/2/28, 65, 24, 13, 7
2021/3/1, 69, 30, 21, 15
2021/3/2, 66, 52, 18, 17
2021/3/3, 108, 29, 29, 10
2021/3/4, 75, 16, 29, 5
2021/3/5, 28, 21, 31, 10
2021/3/6, 53, 20, 31, 7
2021/3/7, 56, 32, 24, 7
2021/3/8, 79, 23, 23, 6
2021/3/9, 55, 22, 30, 6
2021/3/10, 59, 12, 31, 1
2021/3/11, 32, 12, 30, 3
2021/3/12, 25, 11, 31, 1
2021/3/13, 21, 11, 28, 3
2021/3/14, 24, 11, 31, 2
2021/3/15, 31, 13, 26, 4
2021/3/16, 32, 7, 29, 4
2021/3/17, 33, 11, 28, 6
2021/3/18, 38, 12, 28, 5
2021/3/19, 34, 13, 30, 4
2021/3/20, 45, 20, 34, 2
2021/3/21, 45, 17, 31, 6
2021/3/22, 36, 27, 29, 8
2021/3/23, 72, 37, 31, 13
2021/3/24, 84, 32, 26, 10
2021/3/25, 78, 17, 34, 4
2021/3/26, 49, 15, 32, 3
2021/3/27, 30, 12, 34, 2
2021/3/28, 39, 16, 38, 5
2021/3/29, 40, 23, 46, 10
2021/3/30, 57, 32, 49, 12
2021/3/31, 62, 40, 31, 11
2020/10/1, 33, 10, 19, 8
2020/10/2, 16, 14, 16, 5
2020/10/3, 32, 7, 23, 1
2020/10/4, 11, 6, 20, 3
2020/10/5, 21, 9, 18, 3
2020/10/6, 18, 10, 19, 5
2020/10/7, 24, 10, 18, 3
2020/10/8, 23, 13, 19, 7
2020/10/9, 34, 11, 22, 4
2020/10/10, 30, 12, 23, 4
2020/10/11, 36, 14, 19, 7
2020/10/12, 35, 13, 14, 8
2020/10/13, 42, 12, 17, 7
2020/10/14, 38, 9, 16, 5
2020/10/15, 24, 13, 15, 8
2020/10/16, 40, 22, 17, 8
2020/10/17, 62, 28, 16, 7
2020/10/18, 74, 17, 21, 7
2020/10/19, 50, 14, 18, 5
2020/10/20, 42, 10, 29, 2
2020/10/21, 17, 14, 20, 6
2020/10/22, 30, 15, 13, 8
2020/10/23, 47, 7, 21, 2
2020/10/24, 24, 8, 24, 2
2020/10/25, 13, 11, 20, 3
2020/10/26, 17, 11, 21, 3
2020/10/27, 23, 12, 23, 3
2020/10/28, 23, 14, 21, 4
2020/10/29, 25, 9, 20, 3
2020/10/30, 20, 12, 24, 2
2020/10/31, 29, 18, 23, 2
2020/11/1, 27, 9, 27, 1
2020/11/2, 19, 17, 25, 4
2020/11/3, 33, 19, 16, 9
2020/11/4, 43, 27, 14, 12
2020/11/5, 71, 24, 9, 17
2020/11/6, 67, 22, 8, 12
2020/11/7, 65, 26, 3, 10
2020/11/8, 67, 26, 8, 13
2020/11/9, 56, 29, 8, 12
2020/11/10, 63, 18, 8, 9
2020/11/11, 56, 17, 21, 5
2020/11/12, 40, 15, 13, 7
2020/11/13, 33, 13, 19, 3
2020/11/14, 37, 12, 27, 1
2020/11/15, 26, 13, 26, 4
2020/11/16, 20, 11, 20, 4
2020/11/17, 30, 12, 20, 4
2020/11/18, 33, 14, 24, 4
2020/11/19, 24, 15, 13, 11
2020/11/20, 47, 11, 20, 4
2020/11/21, 43, 13, 19, 4
2020/11/22, 38, 19, 12, 12
2020/11/23, 54, 11, 15, 8
2020/11/24, 36, 22, 10, 10
2020/11/25, 52, 34, 9, 13
2020/11/26, 73, 32, 1, 14
2020/11/27, 75, 27, 7, 13
2020/11/28, 71, 38, 7, 9
2020/11/29, 90, 31, 4, 10
2020/11/30, 85, 12, 23, 5
2020/12/1, 23, 13, , 10
2020/12/2, 44, 12, 14, 7
2020/12/3, 32, 7, 22, 4
2020/12/4, 17, 15, 19, 7
2020/12/5, 40, 25, 2, 13
2020/12/6, 75, 33, 2, 15
2020/12/7, 89, 18, 5, 14
2020/12/8, 65, 24, 9, 12
2020/12/9, 73, 20, 3, 12
2020/12/10, 61, 12, 6, 9
2020/12/11, 47, 20, 5, 10
2020/12/12, 46, 15, 23, 5
2020/12/13, 47, 9, 20, 4
2020/12/14, 28, 12, 8, 9
2020/12/15, 41, 11, 7, 11
2020/12/16, 49, 11, 18, 5
2020/12/17, 36, 10, 17, 6
2020/12/18, 33, 12, 18, 4
2020/12/19, 41, 15, 20, 2
2020/12/20, 38, 8, 19, 4
2020/12/21, 24, 9, 22, 5
2020/12/22, 30, 8, 24, 4
2020/12/23, 25, 10, 23, 3
2020/12/24, 20, 12, 24, 3
2020/12/25, 31, 10, 22, 5
2020/12/26, 41, 3, 25, 1
2020/12/27, 14, 9, 19, 5
2020/12/28, 23, 14, 14, 8
2020/12/29, 44, 15, 20, 8
2020/12/30, 59, 17, 19, 7
2020/12/31, 53, 34, 9, 10
2021/1/1, 93, 31, 7, 8
2021/1/2, 83, 22, 12, 6
2021/1/3, 72, 6, 11, 4
2020/7/1, 10, 9, 24, 2
2020/7/2, 16, 12, 29, 3
2020/7/3, 24, 8, 18, 2
2020/7/4, 16, 7, 25, 
2020/7/5, 7, 14, 23, 2
2020/7/6, 19, 10, 28, 4
2020/7/7, 22, 9, 14, 5
2020/7/8, 15, 8, 11, 2
2020/7/9, 10, 8, 25, 2
2020/7/10, 10, 11, 28, 3
2020/7/11, 26, 9, 30, 2
2020/7/12, 24, 10, 43, 4
2020/7/13, 25, 14, 19, 8
2020/7/14, 45, 9, 29, 3
2020/7/16, 15, 13, 22, 3
2020/7/17, 29, 16, 37, 4
2020/7/18, 41, 15, 31, 4
2020/7/19, 35, 9, 29, 1
2020/7/20, 14, 10, 31, 2
2020/7/21, 17, 11, 31, 3
2020/7/22, 13, 13, 52, 6
2020/7/23, 23, 16, 24, 4
2020/7/24, 35, 10, 23, 4
2020/7/25, 21, 10, 27, 1
2020/7/26, 22, 10, 33, 5
2020/7/27, 21, 11, 27, 2
2020/7/28, 20, 11, 32, 3
2020/7/29, 23, 13, 56, 5
2020/7/30, 33, 23, 80, 7
2020/7/31, 37, 19, 29, 5
2020/8/1, 55, 13, 30, 4
2020/8/2, 35, 12, 30, 5
2020/8/3, 35, 9, 39, 3
2020/8/4, 29, 16, 45, 4
2020/8/5, 40, 22, 75, 7
2020/8/6, 46, 30, 77, 7
2020/8/7, 53, 33, 92, 8
2020/8/8, 57, 32, 77, 3
2020/8/9, 61, 30, 81, 7
2020/8/10, 53, 29, 79, 7
2020/8/11, 65, 28, 76, 5
2020/8/12, 51, 23, 60, 6
2020/8/13, 46, 18, 37, 5
2020/8/14, 45, 24, 43, 5
2020/8/15, 76, 21, 50, 5
2020/8/16, 52, 11, 35, 5
2020/8/17, 27, 11, 33, 4
2020/8/18, 15, 13, 34, 5
2020/8/19, 21, 12, 32, 3
2020/8/20, 12, 14, 36, 5
2020/8/21, 21, 15, 29, 4
2020/8/22, 17, 12, 25, 1
2020/8/23, 18, 12, 27, 3
2020/8/24, 19, 9, 27, 4
2020/8/25, 11, 16, 24, 1
2020/8/26, 18, 21, 27, 5
2020/8/27, 38, 12, 22, 3
2020/8/28, 18, 10, 23, 4
2020/8/29, 17, 11, 24, 2
2020/8/30, 24, 10, 28, 3
2020/8/31, 16, 11, 30, 6
2020/9/1, 26, 11, 35, 7
2020/9/2, 37, 14, 24, 8
2020/9/3, 45, 12, 23, 3
2020/9/4, 30, 12, 24, 5
2020/9/5, 31, 14, 25, 5
2020/9/6, 33, 15, 29, 8
2020/9/7, 39, 13, 14, 5
2020/9/8, 32, 13, 17, 4
2020/9/9, 35, 13, 30, 5
2020/9/10, 20, 19, 35, 10
2020/9/11, 38, 16, 26, 6
2020/9/12, 35, 14, 31, 6
2020/9/13, 34, 23, 57, 12
2020/9/14, 47, 35, 71, 11
2020/9/15, 53, 28, 48, 8
2020/9/16, 74, 16, 26, 3
2020/9/17, 26, 14, 32, 7
2020/9/18, 28, 20, 39, 8
2020/9/19, 29, 20, 41, 6
2020/9/20, 34, 25, 43, 10
2020/9/21, 52, 33, 59, 10
2020/9/22, 76, 30, 33, 9
2020/9/23, 59, 10, 26, 2
2020/9/24, 11, 7, 23, 3
2020/9/25, 15, 9, 24, 2
2020/9/26, 21, 8, 21, 2
2020/9/27, 21, 12, 8, 7
2020/9/28, 42, 12, 17, 9
2020/9/29, 39, 12, 18, 6
2020/9/30, 39, 13, 15, 6
2020/4/1, 44, 18, 31, 7
2020/4/2, 49, 18, 35, 4
2020/4/3, 40, 17, 36, 7
2020/4/4, 40, 20, 41, 4
2020/4/5, 47, 20, 43, 4
2020/4/6, 45, 24, 37, 6
2020/4/7, 62, 30, 49, 9
2020/4/8, 61, 32, 44, 6
2020/4/9, 68, 20, 34, 4
2020/4/10, 37, 18, 36, 6
2020/4/11, 39, 25, 46, 7
2020/4/12, 59, 18, 33, 2
2020/4/13, 39, 14, 36, 2
2020/4/14, 33, 26, 38, 9
2020/4/15, 61, 31, 47, 9
2020/4/16, 65, 21, 37, 3
2020/4/17, 40, 34, 22, 7
2020/4/18, 66, 33, 40, 5
2020/4/19, 68, 22, 38, 4
2020/4/20, 32, 21, 41, 4
2020/4/21, 37, 22, 45, 4
2020/4/22, 40, 23, 52, 7
2020/4/23, 52, 29, 48, 8
2020/4/24, 59, 15, 39, 1
2020/4/25, 28, 17, 43, 2
2020/4/26, 39, 21, 48, 5
2020/4/27, 50, 42, 25, 7
2020/4/28, 89, 9, 30, 2
2020/4/29, 29, 9, 32, 2
2020/4/30, 11, 7, 31, 2
2020/5/1, 14, 11, 34, 2
2020/5/2, 23, 13, 39, 3
2020/5/3, 46, 12, 35, 3
2020/5/4, 38, 11, 38, 2
2020/5/5, 27, 14, 39, 5
2020/5/6, 40, 18, 54, 6
2020/5/7, 56, 21, 58, 7
2020/5/8, 64, 22, 70, 5
2020/5/9, 60, 28, 39, 6
2020/5/10, 65, 14, 30, 1
2020/5/11, 16, 13, 32, 4
2020/5/12, 30, 11, 31, 6
2020/5/13, 29, 11, 32, 2
2020/5/14, 25, 10, 35, 4
2020/5/15, 22, 15, 37, 5
2020/5/16, 41, 16, 42, 4
2020/5/17, 47, 16, 40, 6
2020/5/18, 39, 14, 37, 7
2020/5/19, 31, 12, 37, 4
2020/5/20, 33, 20, 48, 5
2020/5/21, 44, 19, 35, 4
2020/5/22, 36, 23, 32, 1
2020/5/23, 31, 18, 25, 2
2020/5/24, 31, 13, 35, 2
2020/5/25, 36, 16, 45, 5
2020/5/26, 40, 23, 37, 5
2020/5/27, 49, 10, 38, 1
2020/5/28, 25, 15, 45, 3
2020/5/29, 29, 12, 45, 3
2020/5/30, 26, 10, 35, 2
2020/5/31, 21, 11, 44, 3
2020/6/1, 25, 21, 56, 7
2020/6/2, 34, 27, 46, 4
2020/6/3, 56, 14, 28, 3
2020/6/4, 25, 9, 25, 3
2020/6/5, 14, 10, 31, 2
2020/6/6, 19, 8, 30, 1
2020/6/7, 22, 8, 24, 4
2020/6/8, 29, 14, 26, 3
2020/6/9, 36, 19, 24, 8
2020/6/10, 49, 21, 32, 6
2020/6/11, 55, 20, 36, 6
2020/6/12, 40, 12, 43, 2
2020/6/13, 18, 17, 22, 4
2020/6/14, 32, 11, 42, 5
2020/6/15, 40, 26, 36, 7
2020/6/16, 57, 22, 41, 6
2020/6/17, 52, 11, 35, 2
2020/6/18, 23, 12, 35, 4
2020/6/19, 18, 14, 34, 4
2020/6/20, 38, 15, 31, 3
2020/6/21, 41, 14, 35, 2
2020/6/22, 35, 18, 68, 5
2020/6/23, 50, 23, 60, 5
2020/6/24, 48, 17, 49, 6
2020/6/25, 39, 20, 63, 4
2020/6/26, 38, 16, 31, 2
2020/6/27, 31, 11, 31, 1
2020/6/28, 13, 14, 29, 1
2020/6/29, 19, 13, 23, 2
2020/6/30, 12, 7, 21, 2
2020/1/1, 104, 17, 14, 6
2020/1/2, 62, 11, 24, 3
2020/1/3, 29, 14, 21, 6
2020/1/4, 40, 16, 18, 8
2020/1/5, 55, 14, 22, 8
2020/1/6, 51, 21, 21, 6
2020/1/7, 58, 8, 17, 7
2020/1/8, 29, 10, 18, 4
2020/1/9, 24, 8, 25, 5
2020/1/10, 22, 12, 22, 7
2020/1/11, 52, 9, 23, 3
2020/1/12, 32, 12, 22, 5
2020/1/13, 28, 7, 25, 2
2020/1/14, 17, 10, 26, 3
2020/1/15, 22, 12, 18, 9
2020/1/16, 29, 9, 25, 5
2020/1/17, 21, 12, 24, 4
2020/1/18, 27, 18, 25, 6
2020/1/19, 34, 22, 5, 14
2020/1/20, 67, 12, 4, 14
2020/1/21, 56, 30, 1, 18
2020/1/22, 89, 30, 7, 17
2020/1/23, 87, 21, 4, 13
2020/1/24, 68, 34, 9, 11
2020/1/25, 93, 20, 18, 7
2020/1/26, 55, 10, 24, 4
2020/1/27, 27, 7, 30, 3
2020/1/28, 15, 12, 25, 6
2020/1/29, 24, 10, 26, 5
2020/1/30, 25, 7, 24, 3
2020/1/31, 18, 12, 29, 2
2020/2/1, 24, 18, 28, 2
2020/2/2, 27, 20, 28, 3
2020/2/3, 32, 9, 28, 3
2020/2/4, 25, 13, 25, 8
2020/2/5, 46, 27, 13, 16
2020/2/6, 73, 26, 12, 14
2020/2/7, 77, 18, 19, 8
2020/2/8, 56, 9, 29, 1
2020/2/9, 31, 18, 32, 1
2020/2/10, 27, 14, 30, 3
2020/2/11, 20, 13, 28, 4
2020/2/12, 30, 11, 25, 5
2020/2/13, 25, 11, 23, 5
2020/2/14, 31, 14, 28, 2
2020/2/15, 38, 7, 35, 1
2020/2/16, 14, 11, 32, 2
2020/2/17, 21, 12, 29, 3
2020/2/18, 29, 10, 28, 3
2020/2/19, 27, 10, 32, 3
2020/2/20, 32, 13, 28, 5
2020/2/21, 30, 8, 28, 2
2020/2/22, 25, 11, 28, 2
2020/2/23, 22, 10, 26, 5
2020/2/24, 22, 9, 30, 3
2020/2/25, 16, 7, 29, 4
2020/2/26, 18, 7, 28, 7
2020/2/27, 31, 8, 29, 6
2020/2/28, 37, 22, 31, 2
2020/2/29, 41, 11, 31, 3
2020/3/1, 21, 8, 25, 5
2020/3/2, 20, 15, 23, 7
2020/3/3, 42, 13, 23, 8
2020/3/4, 45, 10, 22, 9
2020/3/5, 37, 14, 25, 5
2020/3/6, 44, 15, 29, 5
2020/3/7, 56, 8, 26, 2
2020/3/8, 37, 13, 25, 5
2020/3/9, 32, 7, 27, 3
2020/3/10, 17, 5, 26, 3
2020/3/11, 19, 11, 31, 2
2020/3/12, 22, 13, 27, 3
2020/3/13, 31, 11, 30, 6
2020/3/14, 42, 11, 30, 2
2020/3/15, 33, 14, 24, 7
2020/3/16, 43, 18, 29, 7
2020/3/17, 46, 17, 30, 6
2020/3/18, 52, 21, 21, 7
2020/3/19, 67, 13, 28, 3
2020/3/20, 43, 10, 26, 2
2020/3/21, 33, 10, 29, 3
2020/3/22, 32, 13, 28, 4
2020/3/23, 35, 18, 31, 6
2020/3/24, 45, 21, 34, 8
2020/3/25, 59, 25, 37, 5
2020/3/26, 66, 36, 36, 5
2020/3/27, 78, 34, 39, 3
2020/3/28, 80, 15, 30, 1
2020/3/29, 24, , , 
2019/10/1, 15, 9, 21, 3
2019/10/2, 19, 11, 13, 8
2019/10/3, 35, 13, 18, 5
2019/10/4, 31, 13, 19, 5
2019/10/5, 41, 10, 9, 7
2019/10/6, 36, 14, 13, 8
2019/10/7, 46, 14, 17, 5
2019/10/8, 28, 13, 21, 4
2019/10/9, 18, 12, 22, 5
2019/10/10, 25, 12, 20, 4
2019/10/11, 28, 12, 24, 4
2019/10/12, 23, 17, 27, 3
2019/10/13, 27, 18, 25, 8
2019/10/14, 27, 17, 18, 7
2019/10/15, 26, 9, 18, 4
2019/10/16, 13, 11, 22, 5
2019/10/17, 18, 10, 28, 4
2019/10/18, 13, 11, 23, 4
2019/10/19, 20, 13, 17, 7
2019/10/20, 24, 18, 19, 5
2019/10/21, 32, 15, 20, 6
2019/10/22, 36, 28, 7, 13
2019/10/23, 65, 21, 26, 7
2019/10/24, 38, 9, 23, 4
2019/10/25, 23, 8, 24, 2
2019/10/26, 12, 13, 26, 3
2019/10/27, 23, 19, 19, 14
2019/10/28, 44, 17, 27, 12
2019/10/29, 46, 25, 9, 16
2019/10/30, 66, 23, 12, 19
2019/10/31, 64, 20, 10, 9
2019/11/1, 48, 9, 26, 2
2019/11/2, 14, 8, 20, 3
2019/11/3, 14, 12, 18, 7
2019/11/4, 21, 16, 17, 9
2019/11/5, 25, 17, 16, 12
2019/11/6, 38, 10, 19, 8
2019/11/7, 31, 19, 15, 10
2019/11/8, 39, 22, 18, 10
2019/11/9, 63, 24, 16, 11
2019/11/10, 72, 16, 21, 6
2019/11/11, 51, 10, 23, 5
2019/11/12, 24, 9, 20, 8
2019/11/13, 30, 12, 14, 10
2019/11/14, 26, 24, 7, 13
2019/11/15, 61, 11, 15, 11
2019/11/16, 42, 25, 7, 12
2019/11/17, 74, 10, 23, 8
2019/11/18, 35, 12, 22, 11
2019/11/19, 32, 28, 6, 18
2019/11/20, 77, 29, 3, 15
2019/11/21, 75, 16, 16, 12
2019/11/22, 48, 16, 5, 13
2019/11/23, 49, 23, 9, 11
2019/11/24, 63, 16, 12, 11
2019/11/25, 39, 7, 19, 6
2019/11/26, 21, 8, 24, 4
2019/11/27, 16, 7, 23, 5
2019/11/28, 15, 16, 23, 7
2019/11/29, 27, 23, 10, 17
2019/11/30, 70, 20, 12, 16
2019/12/1, 64, 15, 9, 14
2019/12/2, 60, 18, 7, 13
2019/12/3, 67, 21, 2, 15
2019/12/4, 70, 27, 6, 15
2019/12/5, 85, 12, 16, 7
2019/12/6, 47, 12, 19, 7
2019/12/7, 27, 11, 30, 2
2019/12/8, 23, 13, 29, 3
2019/12/9, 19, 15, 23, 8
2019/12/10, 36, 12, 22, 9
2019/12/11, 29, 11, 24, 6
2019/12/12, 25, 7, 23, 8
2019/12/13, 19, 12, 30, 4
2019/12/14, 31, 15, 32, 3
2019/12/15, 37, 11, 21, 10
2019/12/16, 35, 14, 19, 8
2019/12/17, 36, 11, 20, 10
2019/12/18, 44, 18, 17, 8
2019/12/19, 44, 9, 26, 4
2019/12/20, 21, 9, 23, 3
2019/12/21, 20, 8, 22, 4
2019/12/22, 18, 14, 21, 6
2019/12/23, 32, 17, 28, 3
2019/12/24, 39, 11, 25, 3
2019/12/25, 36, 17, 11, 8
2019/12/26, 61, 16, 12, 8
2019/12/27, 61, 24, 8, 14
2019/12/28, 73, 30, 4, 13
2019/12/29, 82, , , 
2019/7/1, 26, 15, 31, 4
2019/7/2, 33, 13, 31, 4
2019/7/3, 26, 11, 30, 3
2019/7/4, 28, 14, 34, 4
2019/7/5, 33, 15, 40, 3
2019/7/6, 35, 16, 36, 7
2019/7/7, 12, 11, 26, 3
2019/7/8, 21, 11, 32, 4
2019/7/9, 23, 16, 32, 6
2019/7/10, 34, 22, 41, 5
2019/7/11, 51, 17, 22, 8
2019/7/12, 43, 13, 23, 2
2019/7/13, 19, 11, 22, 1
2019/7/14, 16, 8, 22, 4
2019/7/15, 28, 10, 26, 5
2019/7/16, 33, 13, 35, 8
2019/7/17, 51, 20, 34, 8
2019/7/19, 33, 13, 31, 4
2019/7/20, 26, 15, 29, 3
2019/7/21, 36, 13, 40, 6
2019/7/22, 36, 15, 61, 7
2019/7/23, 43, 23, 76, 7
2019/7/24, 54, , 96, 9
2019/7/25, 66, , 94, 5
2019/7/26, 65, 12, 26, 4
2019/7/27, 59, 13, 15, 3
2019/7/28, 34, 14, 39, 4
2019/7/29, 41, 17, 37, 8
2019/7/30, 46, 12, 22, 3
2019/7/31, 29, 12, 28, 4
2019/8/1, 36, 16, 27, 6
2019/8/2, 46, 12, 25, 4
2019/8/3, 36, 12, 39, 5
2019/8/4, 42, 16, 30, 6
2019/8/5, 49, 12, 30, 3
2019/8/6, 33, 13, 28, 3
2019/8/7, 21, 10, 32, 4
2019/8/8, 26, 15, 23, 7
2019/8/9, 34, 13, 30, 1
2019/8/10, 18, 15, 27, 1
2019/8/11, 32, 13, 27, 4
2019/8/12, 33, 10, 21, 5
2019/8/13, 30, 10, 28, 5
2019/8/14, 34, 9, 21, 2
2019/8/15, 19, 14, 24, 5
2019/8/16, 36, 8, 15, 2
2019/8/17, 14, 11, 22, 2
2019/8/18, 13, 12, 27, 3
2019/8/19, 29, 15, 32, 3
2019/8/20, 28, 14, 43, 7
2019/8/21, 38, 18, 45, 8
2019/8/22, 50, 21, 63, 8
2019/8/23, 56, 25, 62, 7
2019/8/24, 59, 21, 61, 10
2019/8/25, 67, 35, 57, 9
2019/8/26, 71, , 63, 9
2019/8/27, 74, 22, 47, 6
2019/8/28, 56, 12, 25, 4
2019/8/29, 43, 11, 38, 8
2019/8/30, 50, 29, 43, 9
2019/8/31, 48, 8, 27, 3
2019/9/1, 27, 8, 30, 4
2019/9/2, 25, 16, 21, 6
2019/9/3, 36, 12, 25, 4
2019/9/4, 26, 12, 24, 4
2019/9/5, 25, 12, 29, 7
2019/9/6, 26, 12, 18, 3
2019/9/7, 33, 11, 28, 2
2019/9/8, 19, 13, 29, 7
2019/9/9, 30, 16, 35, 10
2019/9/10, 40, 18, 15, 9
2019/9/11, 46, 12, 20, 4
2019/9/12, 38, 15, 24, 4
2019/9/13, 32, 13, 30, 7
2019/9/14, 37, 16, 37, 9
2019/9/15, 47, 20, 9, 9
2019/9/16, 43, 14, 26, 5
2019/9/17, 27, 15, 25, 6
2019/9/18, 25, 12, 25, 7
2019/9/19, 25, 17, 26, 11
2019/9/20, 36, 17, 28, 10
2019/9/21, 28, 13, 32, 5
2019/9/22, 27, 10, 18, 5
2019/9/23, 29, 12, 16, 6
2019/9/24, 28, 10, 15, 4
2019/9/25, 18, 11, 22, 4
2019/9/26, 15, 12, 19, 4
2019/9/27, 22, 9, 22, 2
2019/9/28, 15, 9, 20, 2
2019/9/29, 21, 10, 21, 3
2019/9/30, 25, 9, 18, 4
2019/4/3, 21, 7, 26, 6
2019/4/4, 34, 14, 22, 9
2019/4/5, 60, 27, 30, 12
2019/4/6, 86, 39, 23, 7
2019/4/7, 97, 48, 38, 7
2019/4/8, 119, 58, 33, 9
2019/4/9, 77, 35, 30, 6
2019/4/10, 45, 19, 31, 4
2019/4/11, 49, 17, 29, 6
2019/4/12, 44, 14, 27, 5
2019/4/13, 45, 13, 29, 5
2019/4/14, 64, 20, 29, 4
2019/4/15, 67, 25, 28, 7
2019/4/16, 55, 25, 32, 9
2019/4/17, 36, 15, 21, 9
2019/4/18, 51, 28, 39, 10
2019/4/19, 55, 24, 40, 8
2019/4/20, 60, 21, 46, 7
2019/4/21, 74, 30, 49, 5
2019/4/22, 78, 34, 43, 7
2019/4/23, 44, 27, 34, 9
2019/4/24, 43, 28, 33, 6
2019/4/25, 23, 7, 25, 4
2019/4/26, 25, 9, 28, 5
2019/4/27, 38, 15, 24, 4
2019/4/28, 31, 12, 23, 3
2019/4/29, 52, 14, 29, 5
2019/4/30, 57, 18, 30, 4
2019/5/1, 76, 30, 34, 9
2019/5/2, 86, 41, 23, 9
2019/5/3, 38, 10, 30, 4
2019/5/4, 21, 11, 27, 2
2019/5/5, 35, 13, 30, 3
2019/5/6, 45, 14, 21, 10
2019/5/7, 54, 16, 30, 9
2019/5/8, 40, 14, 22, 8
2019/5/9, 18, 10, 24, 5
2019/5/10, 32, 15, 29, 5
2019/5/11, 45, 19, 35, 5
2019/5/12, 32, 9, 31, 3
2019/5/13, 30, 9, 31, 4
2019/5/14, 35, 12, 33, 4
2019/5/15, 43, 12, 33, 6
2019/5/16, 32, 14, 29, 6
2019/5/17, 49, 18, 18, 8
2019/5/18, 59, 22, 36, 9
2019/5/19, 94, 44, 31, 4
2019/5/20, 64, 27, 26, 5
2019/5/21, 27, 15, 30, 3
2019/5/22, 48, 14, 33, 4
2019/5/23, 41, 16, 42, 9
2019/5/24, 46, 15, 39, 9
2019/5/25, 41, 14, 30, 5
2019/5/26, 55, 13, 26, 4
2019/5/27, 16, 11, 29, 3
2019/5/28, 19, 15, 25, 6
2019/5/29, 37, 8, 33, 6
2019/5/30, 38, 11, 20, 3
2019/5/31, 35, 12, 23, 4
2019/6/1, 46, 13, 40, 6
2019/6/2, 41, 21, 38, 6
2019/6/3, 30, 13, 22, 6
2019/6/4, 37, 18, 37, 9
2019/6/5, 29, 13, 26, 4
2019/6/6, 34, 9, 31, 3
2019/6/7, 32, 11, 33, 6
2019/6/8, 30, 12, 27, 1
2019/6/9, 28, 10, 30, 3
2019/6/10, 43, 12, 29, 4
2019/6/11, 30, 10, 36, 4
2019/6/12, 38, 13, 28, 7
2019/6/13, 19, 7, 30, 3
2019/6/14, 32, 9, 40, 6
2019/6/15, 36, 12, 32, 4
2019/6/16, 36, 10, 24, 3
2019/6/17, 35, 9, 34, 6
2019/6/18, 47, 16, 52, 8
2019/6/19, 53, 20, 41, 8
2019/6/20, 42, 13, 29, 4
2019/6/21, 33, 13, 30, 5
2019/6/22, 45, 11, 43, 5
2019/6/23, 48, 15, 44, 4
2019/6/24, 45, 20, 49, 6
2019/6/25, 56, 25, 57, 7
2019/6/26, 89, 20, 51, 3
2019/6/27, 40, 18, 35, 3
2019/6/28, 37, 15, 38, 3
2019/6/29, 43, 21, 64, 6
2019/6/30, 46, 20, 38, 5
2019/1/1, 65, 28, 27, 4
2019/1/2, 48, 16, 22, 9
2019/1/3, 38, 27, 15, 10
2019/1/4, 71, 12, 22, 4
2019/1/5, 34, 17, 19, 5
2019/1/6, 51, 37, 11, 15
2019/1/7, 82, 19, 28, 3
2019/1/8, 29, 17, 27, 4
2019/1/9, 20, 17, 19, 12
2019/1/10, 19, 13, 23, 8
2019/1/11, 41, 12, 21, 6
2019/1/12, 29, 10, 24, 3
2019/1/13, 19, 15, 25, 4
2019/1/14, 21, 15, 17, 10
2019/1/15, 39, 15, 20, 6
2019/1/16, 40, 8, 25, 5
2019/1/17, 23, 20, 16, 14
2019/1/18, 53, 22, 11, 16
2019/1/19, 57, 23, 10, 18
2019/1/20, 57, 41, 3, 21
2019/1/21, 103, 38, 12, 13
2019/1/22, 90, 40, 10, 15
2019/1/23, 93, 45, 13, 12
2019/1/24, 113, 40, 10, 15
2019/1/25, 109, 21, 21, 8
2019/1/26, 55, 8, 24, 3
2019/1/27, 16, 9, 23, 4
2019/1/28, 15, 14, 21, 9
2019/1/29, 46, 22, 14, 16
2019/1/30, 58, 29, 13, 15
2019/1/31, 71, 20, 8, 22
2019/2/1, 59, 29, 7, 16
2019/2/2, 72, 22, 18, 8
2019/2/3, 65, 13, 21, 7
2019/2/4, 50, 19, 19, 10
2019/2/5, 62, 13, 16, 8
2019/2/6, 52, 15, 25, 4
2019/2/7, 34, 9, 24, 4
2019/2/8, 31, 14, 27, 3
2019/2/9, 25, 9, 26, 3
2019/2/10, 26, 16, 23, 6
2019/2/11, 34, 21, 11, 16
2019/2/12, 58, 26, 15, 12
2019/2/13, 74, 24, 16, 19
2019/2/14, 67, 27, 13, 23
2019/2/15, 64, 31, 21, 19
2019/2/16, 78, 32, 25, 13
2019/2/17, 88, 25, 23, 16
2019/2/18, 61, 22, 24, 7
2019/2/19, 56, 26, 19, 13
2019/2/20, 63, 36, 19, 11
2019/2/21, 80, 39, 11, 12
2019/2/22, 91, 21, 15, 13
2019/2/23, 67, 19, 21, 15
2019/2/24, 62, 29, 17, 25
2019/2/25, 64, 33, 15, 23
2019/2/26, 69, 39, 21, 21
2019/2/27, 74, 46, 23, 16
2019/2/28, 97, 25, 22, 5
2019/3/1, 59, 26, 22, 6
2019/3/2, 60, 14, 23, 2
2019/3/3, 29, 10, 30, 3
2019/3/4, 18, 10, 27, 4
2019/3/5, 28, 11, 22, 4
2019/3/6, 35, 8, 28, 3
2019/3/7, 16, 14, 27, 4
2019/3/8, 31, 14, 30, 3
2019/3/9, 41, 17, 29, 3
2019/3/10, 31, 12, 28, 3
2019/3/11, 34, 16, 29, 5
2019/3/12, 40, 13, 27, 3
2019/3/13, 25, 14, 29, 4
2019/3/14, 27, 15, 23, 5
2019/3/15, 27, 7, 28, 3
2019/3/16, 26, 8, 30, 2
2019/3/17, 21, 13, 28, 7
2019/3/18, 42, 21, 24, 17
2019/3/19, 58, 25, 20, 12
2019/3/20, 67, 37, 23, 12
2019/3/21, 91, 39, 29, 13
2019/3/22, 93, 42, 21, 7
2019/3/23, 107, 18, 30, 4
2019/3/24, 42, 20, 31, 5
2019/3/25, 38, 23, 29, 5
2019/3/26, 42, 24, 27, 8
2019/3/27, 61, 26, 26, 10
2019/3/28, 61, 27, 10, 18
2019/3/29, 81, 24, 32, 12
2018/10/1, 17, 12, 19, 7
2018/10/2, 22, 21, 24, 7
2018/10/3, 28, 17, 17, 12
2018/10/4, 37, 23, 21, 18
2018/10/5, 44, 27, 32, 11
2018/10/6, 45, 21, 27, 3
2018/10/7, 34, 21, 22, 13
2018/10/8, 46, 28, 22, 16
2018/10/9, 57, 36, 23, 18
2018/10/10, 64, 26, 24, 11
2018/10/11, 46, 15, 26, 6
2018/10/12, 25, 17, 31, 6
2018/10/13, 24, 16, 33, 6
2018/10/14, 32, 19, 29, 12
2018/10/15, 41, 31, 27, 18
2018/10/16, 54, 29, 19, 14
2018/10/17, 52, 15, 16, 10
2018/10/18, 37, 18, 19, 10
2018/10/19, 40, 21, 23, 11
2018/10/20, 55, 24, 24, 13
2018/10/21, 65, 26, 25, 11
2018/10/22, 45, 22, 20, 9
2018/10/23, 38, 16, 18, 5
2018/10/24, 25, 18, 20, 6
2018/10/25, 42, 20, 18, 8
2018/10/26, 44, 11, 23, 7
2018/10/27, 20, 9, 19, 5
2018/10/28, 20, 9, 13, 6
2018/10/29, 27, 7, 8, 6
2018/10/30, 16, 14, 14, 11
2018/10/31, 41, 17, 12, 11
2018/11/1, 38, 12, 22, 9
2018/11/2, 34, 23, 14, 15
2018/11/3, 61, 25, 10, 14
2018/11/4, 74, 21, 4, 11
2018/11/5, 60, 21, 7, 15
2018/11/6, 48, 9, 19, 7
2018/11/7, 19, 15, 19, 13
2018/11/8, 32, 21, 4, 18
2018/11/9, 54, 9, 20, 5
2018/11/10, 25, 8, 22, 4
2018/11/11, 19, 11, 14, 15
2018/11/12, 24, 13, 16, 8
2018/11/13, 35, 17, 13, 9
2018/11/14, 36, 18, 5, 15
2018/11/15, 60, 24, 4, 14
2018/11/16, 62, 21, 10, 15
2018/11/17, 66, 30, 17, 8
2018/11/18, 73, 9, 15, 5
2018/11/19, 33, 19, 16, 9
2018/11/20, 57, 26, 4, 15
2018/11/21, 68, 34, 4, 14
2018/11/22, 79, 36, 1, 17
2018/11/23, 86, 33, , 14
2018/11/24, 80, 22, , 9
2018/11/25, 60, 30, 3, 11
2018/11/26, 78, 49, 6, 11
2018/11/27, 96, 8, 8, 10
2018/11/28, 45, 9, 15, 7
2018/11/29, 24, 19, 18, 9
2018/11/30, 29, 5, 21, 6
2018/12/1, 27, 5, 20, 3
2018/12/2, 6, 11, 22, 5
2018/12/3, 10, 34, 20, 9
2018/12/4, 75, 17, 4, 14
2018/12/5, 50, 13, 18, 7
2018/12/6, 37, 8, 24, 4
2018/12/7, 16, 13, 26, 3
2018/12/8, 22, 14, 28, 3
2018/12/9, 23, 11, 25, 5
2018/12/10, 28, 16, 17, 11
2018/12/11, 35, 21, 3, 15
2018/12/12, 63, 19, 7, 14
2018/12/13, 58, 21, 4, 12
2018/12/14, 62, 25, 12, 10
2018/12/15, 70, 22, 11, 7
2018/12/16, 62, 16, 16, 10
2018/12/17, 32, 13, 20, 7
2018/12/18, 34, 14, 18, 8
2018/12/19, 34, 12, 19, 6
2018/12/20, 28, 18, 27, 3
2018/12/21, 27, 21, 26, 4
2018/12/22, 31, 21, 18, 6
2018/12/23, 44, 14, 19, 7
2018/12/24, 36, 23, 10, 11
2018/12/25, 64, 28, 8, 13
2018/12/26, 81, 35, 2, 19
2018/12/27, 86, 40, , 15
2018/12/28, 105, 30, 13, 11
2018/12/29, 79, 22, 26, 6
2018/12/30, 45, , , 
2018/7/1, 33, 15, 52, 6
2018/7/2, 39, 18, 72, 6
2018/7/3, 37, 31, 76, 7
2018/7/4, 54, 12, 38, 6
2018/7/5, 36, 19, 52, 6
2018/7/6, 56, 15, 40, 4
2018/7/7, 37, 10, 37, 2
2018/7/8, 30, 13, 27, 6
2018/7/9, 39, 22, 28, 3
2018/7/10, 27, 19, 31, 5
2018/7/11, 34, 25, 36, 5
2018/7/12, 49, 16, 40, 6
2018/7/13, 46, 11, 39, 4
2018/7/14, 32, 9, 48, 4
2018/7/15, 25, 13, 57, 9
2018/7/16, 32, 19, 38, 7
2018/7/17, 43, 19, 44, 8
2018/7/18, 41, 20, 51, 6
2018/7/19, 42, 17, 48, 7
2018/7/20, 35, 16, 53, 6
2018/7/21, 40, 18, 54, 6
2018/7/22, 44, 20, 50, 8
2018/7/23, 51, 32, 79, 8
2018/7/24, 58, 18, 68, 7
2018/7/25, 42, 24, 75, 8
2018/7/26, 55, 22, 75, 13
2018/7/27, 50, 20, 34, 7
2018/7/28, 39, 14, 33, 5
2018/7/29, 34, 12, 29, 5
2018/7/30, 30, 13, 33, 5
2018/7/31, 23, 14, 50, 7
2018/8/1, 38, 18, 73, 8
2018/8/2, 44, 19, 95, 7
2018/8/3, 53, 11, 43, 6
2018/8/4, 30, 8, 34, 3
2018/8/5, 27, 13, 65, 6
2018/8/6, 30, 31, 78, 12
2018/8/7, 50, 8, 28, 5
2018/8/8, 40, 18, 20, 14
2018/8/9, 45, 9, 28, 3
2018/8/10, 26, 9, 29, 4
2018/8/11, 30, 11, 34, 7
2018/8/12, 36, 12, 15, 8
2018/8/13, 25, 19, 25, 4
2018/8/14, 31, 12, 18, 6
2018/8/15, 38, 14, 32, 6
2018/8/16, 47, 9, 25, 5
2018/8/17, 29, 14, 24, 7
2018/8/18, 36, 13, 24, 5
2018/8/19, 42, 16, 12, 7
2018/8/20, 39, 16, 32, 10
2018/8/21, 39, 21, 28, 12
2018/8/22, 62, 15, 19, 8
2018/8/23, 41, 12, 20, 4
2018/8/24, 19, 6, 21, 3
2018/8/25, 10, 8, 26, 5
2018/8/26, 26, 11, 21, 4
2018/8/27, 16, 14, 26, 8
2018/8/28, 26, 30, 17, 16
2018/8/29, 59, 15, 23, 5
2018/8/30, 32, 11, 22, 8
2018/8/31, 24, 11, 32, 7
2018/9/1, 30, 11, 40, 6
2018/9/2, 36, 21, 22, 11
2018/9/3, 44, 38, 38, 6
2018/9/4, 75, 31, 29, 12
2018/9/5, 82, 17, 28, 6
2018/9/6, 52, 12, 25, 5
2018/9/7, 22, 13, 25, 6
2018/9/8, 26, 13, 34, 7
2018/9/9, 32, 16, 22, 10
2018/9/10, 31, 10, 33, 5
2018/9/11, 18, 13, 17, 8
2018/9/12, 23, 11, 22, 7
2018/9/13, 18, 18, 28, 9
2018/9/14, 31, 14, 24, 8
2018/9/15, 26, 17, 31, 8
2018/9/16, 30, 18, 39, 12
2018/9/17, 30, 19, 36, 10
2018/9/18, 37, 26, 29, 7
2018/9/19, 38, 21, 28, 6
2018/9/20, 35, 15, 26, 3
2018/9/21, 16, 14, 20, 4
2018/9/22, 23, 8, 12, 4
2018/9/23, 28, 13, 23, 5
2018/9/24, 18, 15, 22, 10
2018/9/25, 38, 17, 24, 14
2018/9/26, 41, 19, 32, 15
2018/9/27, 47, 20, 22, 11
2018/9/28, 42, 14, 22, 9
2018/9/29, 27, 18, 28, 8
2018/9/30, 44, 11, 25, 4
2018/4/1, 68, 20, 29, 6
2018/4/2, 57, 9, 31, 4
2018/4/3, 21, 7, 31, 7
2018/4/4, 15, 13, 32, 4
2018/4/5, 26, 16, 32, 10
2018/4/6, 47, 15, 38, 8
2018/4/7, 36, 37, 41, 13
2018/4/8, 66, 46, 32, 10
2018/4/9, 96, 26, 28, 9
2018/4/10, 65, 30, 17, 12
2018/4/11, 66, 41, 13, 12
2018/4/12, 91, 29, 25, 9
2018/4/13, 71, 42, 38, 8
2018/4/14, 104, 27, 33, 4
2018/4/15, 58, 18, 29, 8
2018/4/16, 50, 26, 40, 11
2018/4/17, 54, 32, 41, 14
2018/4/18, 68, 38, 47, 12
2018/4/19, 65, 31, 52, 11
2018/4/20, 62, 60, 46, 9
2018/4/21, 112, 37, 50, 8
2018/4/22, 71, 22, 27, 7
2018/4/23, 52, 12, 26, 6
2018/4/24, 37, 10, 32, 4
2018/4/25, 23, 16, 31, 5
2018/4/26, 30, 17, 36, 8
2018/4/27, 36, 15, , 5
2018/4/28, 25, 30, , 9
2018/4/29, 70, 8, 22, 4
2018/4/30, 20, 9, 33, 3
2018/5/1, 36, 13, 38, 5
2018/5/2, 37, 13, 36, 5
2018/5/3, 34, 14, 44, 8
2018/5/4, 47, 16, 50, 5
2018/5/5, 48, 17, 51, 7
2018/5/6, 49, 15, 51, 10
2018/5/7, 46, 26, 65, 13
2018/5/8, 47, 40, 54, 15
2018/5/9, 82, 19, 33, 6
2018/5/10, 46, 15, 38, 8
2018/5/11, 48, 20, 47, 8
2018/5/12, 48, 27, 31, 7
2018/5/13, 66, 33, 50, 5
2018/5/14, 73, 21, 53, 7
2018/5/15, 55, 25, 38, 5
2018/5/16, 53, 26, 33, 3
2018/5/17, 36, 24, 30, 4
2018/5/18, 49, 16, 29, 5
2018/5/19, 49, 24, 46, 6
2018/5/20, 61, 16, 50, 6
2018/5/21, 43, 12, 44, 8
2018/5/22, 38, 18, 46, 8
2018/5/23, 49, 17, 40, 9
2018/5/24, 46, 23, 50, 7
2018/5/25, 50, 24, 60, 8
2018/5/26, 56, 18, 42, 9
2018/5/27, 57, 25, 56, 8
2018/5/28, 52, 45, 53, 9
2018/5/29, 80, 23, 36, 7
2018/5/30, 42, 21, 33, 10
2018/5/31, 45, 33, 18, 9
2018/6/1, 63, 38, 26, 4
2018/6/2, 54, 41, 42, 5
2018/6/3, 62, 22, 44, 5
2018/6/4, 63, 18, 33, 4
2018/6/5, 49, 26, 55, 6
2018/6/6, 49, 27, 52, 8
2018/6/7, 71, 36, 43, 8
2018/6/8, 89, 29, 52, 4
2018/6/9, 67, 20, 45, 2
2018/6/10, 53, 12, 36, 3
2018/6/11, 37, 14, 28, 4
2018/6/12, 43, 16, 27, 5
2018/6/13, 33, 18, 29, 8
2018/6/14, 43, 22, 42, 5
2018/6/15, 49, 28, 37, 7
2018/6/16, 56, 15, 25, 3
2018/6/17, 29, 11, 24, 5
2018/6/18, 24, 17, 18, 7
2018/6/19, 40, 11, 26, 6
2018/6/20, 23, 17, 26, 5
2018/6/21, 29, 18, 26, 4
2018/6/22, 27, 18, 34, 4
2018/6/23, 36, 16, 27, 4
2018/6/24, 34, 10, 30, 3
2018/6/25, 27, 16, 41, 5
2018/6/26, 35, 21, 40, 6
2018/6/27, 44, 20, 51, 6
2018/6/28, 44, 13, 41, 5
2018/6/29, 29, 18, 51, 4
2018/6/30, 49, 14, 44, 4
2018/1/6, 43, 6, 14, 4
2018/1/7, 33, 13, 13, 12
2018/1/8, 51, 23, 1, 15
2018/1/9, 66, 11, 12, 9
2018/1/10, 31, 23, 4, 15
2018/1/11, 63, 40, , 14
2018/1/12, 96, 37, 10, 14
2018/1/13, 93, 21, 11, 7
2018/1/14, 66, 14, 20, 6
2018/1/15, 40, 10, 28, 5
2018/1/16, 15, 12, 27, 4
2018/1/17, 17, 12, 26, 5
2018/1/18, 24, 13, 20, 11
2018/1/19, 29, 10, 18, 8
2018/1/20, 32, 14, 18, 8
2018/1/21, 40, 14, 20, 7
2018/1/22, 30, 14, 22, 9
2018/1/23, 38, 6, 21, 4
2018/1/24, 16, 12, 26, 9
2018/1/25, 28, 21, 11, 14
2018/1/26, 51, 20, 21, 9
2018/1/27, 61, 9, 23, 3
2018/1/28, 34, 9, 24, 4
2018/1/29, 20, 18, 13, 15
2018/1/30, 48, 8, 21, 7
2018/1/31, 22, 11, 18, 8
2018/2/1, 20, 9, 18, 7
2018/2/2, 18, 16, 13, 11
2018/2/3, 38, 7, 18, 4
2018/2/4, 24, 17, 12, 10
2018/2/5, 56, 22, 10, 14
2018/2/6, 63, 25, 18, 16
2018/2/7, 55, 40, 7, 22
2018/2/8, 92, 29, 17, 12
2018/2/9, 78, 22, 22, 8
2018/2/10, 54, 8, 26, 4
2018/2/11, 16, 12, 27, 7
2018/2/12, 24, 13, 26, 8
2018/2/13, 28, 16, 22, 11
2018/2/14, 44, 14, 20, 9
2018/2/15, 30, 22, 20, 18
2018/2/16, 49, 33, 10, 22
2018/2/17, 77, 38, 17, 16
2018/2/18, 94, 34, 12, 16
2018/2/19, 88, 42, 13, 19
2018/2/20, 100, 48, 24, 13
2018/2/21, 126, 24, 24, 8
2018/2/22, 72, 26, 24, 9
2018/2/23, 72, 19, 25, 7
2018/2/24, 60, 10, 28, 4
2018/2/25, 40, 12, 26, 6
2018/2/26, 45, 12, 28, 8
2018/2/27, 38, 31, 22, 10
2018/2/28, 68, 35, 23, 10
2018/3/1, 75, 46, 20, 13
2018/3/2, 114, 63, 13, 18
2018/3/3, 157, 37, 18, 10
2018/3/4, 99, 13, 25, 9
2018/3/5, 37, 23, 19, 16
2018/3/6, 56, 18, 16, 14
2018/3/7, 54, 13, 24, 7
2018/3/8, 27, 14, 26, 9
2018/3/9, 36, 10, 22, 6
2018/3/10, 35, 11, 26, 6
2018/3/11, 30, 9, 28, 7
2018/3/12, 19, 8, 20, 6
2018/3/13, 21, 19, 21, 13
2018/3/14, 58, 20, 18, 10
2018/3/15, 57, 23, 10, 11
2018/3/16, 63, 16, 24, 3
2018/3/17, 56, 18, 30, 3
2018/3/18, 52, 16, 31, 7
2018/3/19, 49, 13, 32, 6
2018/3/20, 39, 21, 30, 7
2018/3/21, 49, 21, 21, 9
2018/3/22, 58, 20, 26, 7
2018/3/23, 58, 21, 30, 8
2018/3/24, 58, 32, 31, 12
2018/3/25, 85, 22, 31, 6
2018/3/26, 60, 22, 24, 12
2018/3/27, 64, 21, 22, 9
2018/3/28, 50, 17, 31, 7
2018/3/29, 50, 10, 30, 7
2018/3/30, 29, 6, 33, 5
2018/3/31, 19, 24, 20, 6
2017/4/1, 44, 13, 34, 6
2017/4/2, 33, 14, 24, 8
2017/4/3, 46, 25, 34, 12
2017/4/6, 27, 32, 22, 13
2017/4/7, 57, 23, 34, 5
2017/4/8, 54, 44, 46, 11
2017/4/9, 91, 23, 34, 7
2017/4/10, 43, 19, 28, 8
2017/4/11, 38, 24, 24, 8
2017/4/12, 57, 17, 30, 4
2017/4/13, 32, 23, 20, 13
2017/4/14, 49, 19, 34, 6
2017/4/15, 36, 15, 32, 5
2017/4/16, 30, 12, 35, 2
2017/4/17, 16, 12, 32, 5
2017/4/18, 17, 12, 34, 5
2017/4/19, 31, 22, 33, 12
2017/4/20, 62, 32, 25, 13
2017/4/21, 70, 15, 33, 4
2017/4/22, 30, 12, 33, 2
2017/4/23, 13, 17, 29, 11
2017/4/24, 40, 13, 31, 4
2017/4/25, 16, 13, 32, 7
2017/4/26, 21, 13, 30, 5
2017/4/27, 24, 17, 27, 9
2017/4/28, 39, 14, 33, 8
2017/4/29, 34, 17, 43, 5
2017/4/30, 27, 10, 34, 4
2017/5/1, 18, 22, 25, 11
2017/5/2, 56, 11, 23, 7
2017/5/3, 40, 13, 24, 6
2017/5/4, 41, 12, 25, 6
2017/5/5, 42, 20, 35, 8
2017/5/6, 64, 22, 28, 5
2017/5/7, 58, 14, 32, 3
2017/5/8, 28, 15, 34, 5
2017/5/9, 33, 20, 39, 8
2017/5/10, 37, 24, 35, 10
2017/5/11, 49, 11, 30, 4
2017/5/12, 17, 12, 28, 5
2017/5/13, 22, 13, 32, 5
2017/5/14, 38, 12, 37, 7
2017/5/15, 21, 15, 38, 7
2017/5/16, 31, 21, 56, 11
2017/5/17, 40, 24, 34, 6
2017/5/18, 46, 15, 24, 7
2017/5/19, 25, 10, 32, 5
2017/5/20, 22, 11, 38, 6
2017/5/21, 29, 16, 46, 10
2017/5/22, 42, 18, 33, 11
2017/5/23, 40, 15, 29, 11
2017/5/24, 34, 14, 34, 4
2017/5/25, 31, 12, 42, 5
2017/5/26, 30, 15, 53, 7
2017/5/27, 29, 21, 44, 6
2017/5/28, 39, 20, 65, 9
2017/5/29, 50, 27, 38, 6
2017/5/30, 48, 11, 32, 6
2017/5/31, 34, 14, 44, 7
2017/6/1, 31, 19, 62, 11
2017/6/2, 46, 20, 45, 7
2017/6/3, 48, 14, 32, 4
2017/6/4, 27, 12, 32, 6
2017/6/5, 25, 11, 26, 3
2017/6/6, 16, 17, 28, 3
2017/6/9, 24, 14, 37, 5
2017/6/10, 24, 15, 43, 7
2017/6/11, 30, 16, 27, 4
2017/6/12, 24, 19, 29, 6
2017/6/13, 24, 22, 40, 9
2017/6/14, 28, 20, 55, 8
2017/6/15, 39, 17, 26, 5
2017/6/16, 22, 16, 28, 8
2017/6/17, 31, 22, 42, 6
2017/6/18, 45, 26, 26, 11
2017/6/19, 51, , , 
2017/1/2, 35, 18, 9, 14
2017/1/3, 32, 15, 26, 4
2017/1/4, 19, 17, 19, 12
2017/1/5, 21, 24, 7, 21
2017/1/6, 56, 21, 11, 12
2017/1/7, 59, 20, 4, 18
2017/1/8, 51, 22, 8, 15
2017/1/9, 54, 17, 13, 14
2017/1/10, 38, 16, 28, 9
2017/1/11, 26, 17, 23, 7
2017/1/12, 13, 8, 25, 5
2017/1/13, 16, 11, 27, 4
2017/1/14, 10, 16, 18, 12
2017/1/15, 43, 22, 10, 17
2017/1/16, 61, 35, 13, 15
2017/1/17, 86, 54, 6, 18
2017/1/18, 128, 36, 6, 24
2017/1/19, 83, 37, 4, 28
2017/1/20, 77, 30, 8, 26
2017/1/21, 68, 48, 8, 21
2017/1/22, 116, 55, 7, 16
2017/1/23, 136, 62, 3, 19
2017/1/24, 131, 42, 9, 19
2017/1/25, 97, 35, 12, 18
2017/1/26, 78, 32, 10, 21
2017/1/27, 71, 23, 19, 14
2017/1/28, 50, 14, 22, 5
2017/1/29, 35, 9, 21, 5
2017/1/30, 18, 15, 16, 10
2017/1/31, 46, 18, 10, 13
2017/2/1, 44, 16, 11, 12
2017/2/2, 47, 12, 22, 8
2017/2/3, 21, 11, 21, 10
2017/2/4, 15, 19, 18, 10
2017/2/5, 50, 27, 15, 15
2017/2/6, 70, 30, 1, 18
2017/2/7, 73, 45, 1, 14
2017/2/8, 105, 49, 5, 13
2017/2/9, 112, 54, 6, 14
2017/2/10, 131, 66, 2, 14
2017/2/11, 157, 50, 8, 13
2017/2/12, 127, 44, 13, 16
2017/2/13, 107, 41, 17, 20
2017/2/14, 91, 37, 18, 20
2017/2/15, 81, 30, 16, 15
2017/2/16, 67, 25, 13, 13
2017/2/17, 56, 30, 18, 11
2017/2/18, 73, 32, 11, 10
2017/2/19, 74, 15, 14, 8
2017/2/20, 41, 12, 22, 8
2017/2/21, 26, 6, 23, 4
2017/2/22, 6, 7, 29, 3
2017/2/23, 17, 13, 29, 4
2017/2/24, 15, 13, 27, 8
2017/2/25, 42, 12, 25, 4
2017/2/26, 29, 7, 31, 3
2017/2/27, 12, 7, 33, 5
2017/2/28, 14, 9, 26, 6
2017/3/1, 14, 15, 30, 5
2017/3/2, 21, 19, 20, 12
2017/3/3, 24, 10, 30, 5
2017/3/4, 12, 12, 30, 3
2017/3/5, 18, 10, 23, 7
2017/3/6, 26, 14, 26, 6
2017/3/7, 34, 14, 19, 9
2017/3/8, 32, 13, 27, 10
2017/3/9, 30, 18, 30, 10
2017/3/10, 24, 21, 23, 16
2017/3/11, 51, 17, 25, 13
2017/3/12, 36, 19, 23, 12
2017/3/13, 44, 26, 20, 13
2017/3/14, 60, 39, 25, 12
2017/3/15, 60, 32, 29, 16
2017/3/16, 66, 23, 30, 5
2017/3/17, 43, 9, 25, 3
2017/3/18, 16, 12, 28, 2
2017/3/19, 20, 10, 25, 4
2017/3/20, 11, 12, 30, 7
2017/3/21, 15, 16, 26, 11
2017/3/22, 37, 17, 24, 14
2017/3/23, 42, 24, 26, 6
2017/3/24, 66, 14, 35, 6
2017/3/25, 42, 15, 30, 4
2017/3/26, 42, 20, 32, 13
2017/3/27, 46, 25, 39, 14
2017/3/28, 50, 17, 28, 7
2017/3/29, 36, 16, 34, 8
2017/3/30, 35, 18, 34, 10
2017/3/31, 26, 21, 23, 8
2016/10/1, 22, 10, 20, 3
2016/10/2, 6, 11, 23, 5
2016/10/3, 6, 13, 16, 8
2016/10/4, 33, 12, 20, 8
2016/10/5, 18, 11, 16, 8
2016/10/6, 14, 13, 12, 8
2016/10/7, 22, 12, 20, 7
2016/10/8, 28, 17, 21, 8
2016/10/9, 28, 15, 10, 9
2016/10/10, 34, 18, 10, 11
2016/10/12, 35, 13, 8, 9
2016/10/13, 19, 19, 6, 12
2016/10/14, 44, 19, 18, 10
2016/10/15, 55, 17, 21, 6
2016/10/16, 42, 20, 16, 11
2016/10/17, 36, 18, 16, 10
2016/10/18, 42, 13, 19, 8
2016/10/19, 12, 9, 12, 9
2016/10/20, 29, 21, 11, 9
2016/10/21, 57, 16, 13, 8
2016/10/22, 42, 26, 1, 10
2016/10/23, 69, 31, , 12
2016/10/24, 73, 33, , 9
2016/10/25, 80, 38, 8, 12
2016/10/26, 89, 57, 9, 14
2016/10/27, 96, 28, 10, 12
2016/10/29, 42, 33, 18, 11
2016/10/30, 70, 28, 6, 18
2016/10/31, 59, 26, 11, 11
2016/11/1, 47, 10, 17, 6
2016/11/2, 13, 22, 5, 15
2016/11/3, 52, 20, 10, 10
2016/11/4, 42, 17, 18, 7
2016/11/5, 38, 10, 16, 5
2016/11/6, 20, 13, 8, 10
2016/11/7, 29, 18, 11, 10
2016/11/8, 30, 13, 7, 9
2016/11/9, 34, , , 
2016/11/11, 102, 39, 3, 12
2016/11/12, 102, 30, 3, 10
2016/11/13, 77, 26, 2, 12
2016/11/14, 71, 11, 5, 12
2016/11/15, 43, 8, 13, 9
2016/11/16, 13, 8, 21, 6
2016/11/17, 8, 7, 26, 6
2016/11/18, 10, 10, 22, 5
2016/11/19, 13, 8, 27, 3
2016/11/20, 15, 9, 21, 6
2016/11/21, 6, 10, 26, 7
2016/11/22, 16, 22, 1, 18
2016/11/23, 55, 16, 12, 12
2016/11/24, 43, 15, 11, 12
2016/11/25, 38, 33, 2, 17
2016/11/26, 84, 25, 20, 12
2016/11/27, 54, 14, 15, 13
2016/11/28, 29, 26, 6, 24
2016/11/29, 58, 34, 2, 26
2016/11/30, 76, 36, 1, 23
2016/12/1, 76, 16, 15, 14
2016/12/2, 24, 27, 7, 20
2016/12/3, 63, 24, 5, 24
2016/12/4, 56, 31, 2, 21
2016/12/5, 70, 48, 1, 20
2016/12/6, 103, 23, 9, 20
2016/12/7, 53, 22, 14, 14
2016/12/8, 46, 31, 7, 15
2016/12/9, 69, 32, 9, 10
2016/12/10, 69, 13, 22, 4
2016/12/11, 22, 21, 7, 15
2016/12/12, 42, 16, 10, 11
2016/12/13, 40, 26, 2, 15
2016/12/14, 58, 14, 5, 14
2016/12/15, 35, 22, 5, 13
2016/12/16, 53, 35, 1, 15
2016/12/17, 74, 37, 9, 12
2016/12/18, 82, 36, 5, 17
2016/12/19, 77, 28, 3, 17
2016/12/20, 61, 24, 12, 10
2016/12/21, 56, 13, 10, 8
2016/12/22, 29, 17, 19, 9
2016/12/23, 31, 19, 22, 4
2016/12/24, 23, 18, 24, 2
2016/12/25, 18, 11, 27, 2
2016/12/26, 7, 26, 14, 12
2016/12/27, 32, 30, 11, 16
2016/12/28, 67, 34, 1, 18
2016/12/29, 80, 44, 2, 17
2016/12/30, 104, 38, 5, 14
2016/12/31, 92, 35, 10, 8
2017/1/1, 73, 17, 15, 10
2016/7/1, 14, 11, 23, 2
2016/7/2, 12, 11, 23, 7
2016/7/3, 12, 14, 25, 4
2016/7/4, 24, 14, 24, 5
2016/7/5, 13, 10, 29, 4
2016/7/6, 7, 13, 36, 7
2016/7/7, 20, 19, 25, 8
2016/7/8, 40, 15, 31, 4
2016/7/9, 29, 18, 37, 5
2016/7/10, 33, 12, 24, 3
2016/7/11, 9, 11, 24, 3
2016/7/12, 14, 16, 21, 6
2016/7/13, 24, 12, 24, 4
2016/7/14, 18, 14, 31, 4
2016/7/15, 19, 19, 18, 7
2016/7/16, 39, 18, 17, 7
2016/7/17, 30, 12, 45, 6
2016/7/18, 25, 20, 61, 9
2016/7/19, 41, 27, 60, 9
2016/7/20, 43, 31, 40, 7
2016/7/21, 53, 33, 46, 7
2016/7/22, 53, 28, 45, 5
2016/7/23, 58, 33, 46, 4
2016/7/24, 59, 18, 22, 6
2016/7/25, 24, 17, 38, 6
2016/7/26, 28, 18, 23, 5
2016/7/27, 20, 16, 28, 4
2016/7/28, 21, 13, 21, 4
2016/7/29, 20, 10, 25, 4
2016/7/30, 20, 16, 27, 3
2016/7/31, 25, 13, 27, 7
2016/8/1, 21, 8, 14, 5
2016/8/2, 19, 9, 8, 4
2016/8/3, 11, 13, 19, 3
2016/8/4, 10, 18, 28, 5
2016/8/5, 22, 11, 29, 5
2016/8/6, 28, 11, 19, 5
2016/8/7, 18, 15, 28, 2
2016/8/8, 22, 14, 21, 3
2016/8/10, 6, 10, 16, 8
2016/8/11, 19, 19, 13, 6
2016/8/12, 36, 21, 26, 5
2016/8/13, 31, 18, 27, 6
2016/8/14, 31, 8, 32, 4
2016/8/15, 13, 12, 34, 4
2016/8/16, 20, 16, 37, 6
2016/8/17, 28, 19, 46, 8
2016/8/18, 21, 24, 33, 9
2016/8/19, 47, 11, 29, 3
2016/8/20, 17, 15, 21, 3
2016/8/21, 11, 19, 24, 5
2016/8/22, 18, 21, 42, 10
2016/8/23, 27, 27, 65, 12
2016/8/24, 42, 22, 77, 10
2016/8/25, 42, 28, 56, 10
2016/8/26, 60, 20, 60, 6
2016/8/27, 42, 22, 37, 4
2016/8/28, 37, 12, 30, 4
2016/8/29, 11, 14, 34, 7
2016/8/30, 25, 22, 51, 11
2016/8/31, 51, 24, 25, 9
2016/9/1, 62, 18, 23, 7
2016/9/2, 28, 16, 25, 5
2016/9/3, 22, 13, 24, 3
2016/9/4, 25, 14, 27, 5
2016/9/5, 14, 16, 27, 8
2016/9/6, 32, 15, 39, 10
2016/9/7, 35, 20, 37, 12
2016/9/8, 47, 22, 28, 8
2016/9/9, 23, 19, 42, 10
2016/9/10, 37, 26, 20, 8
2016/9/11, 52, 22, 49, 12
2016/9/12, 37, 33, 55, 17
2016/9/13, 56, 37, 54, 17
2016/9/14, 59, 38, 51, 13
2016/9/15, 73, 15, 24, 7
2016/9/16, 22, 13, 26, 5
2016/9/17, 24, 19, 23, 4
2016/9/18, 46, 12, 24, 8
2016/9/19, 24, 23, 20, 14
2016/9/20, 45, 23, 25, 14
2016/9/21, 50, 25, 27, 16
2016/9/22, 58, 24, 28, 10
2016/9/23, 46, 22, 39, 11
2016/9/24, 41, 20, 36, 5
2016/9/25, 39, 23, 19, 10
2016/9/26, 27, 26, 26, 12
2016/9/27, 39, 16, 22, 7
2016/9/28, 16, 14, 16, 6
2016/9/29, 24, 15, 18, 9
2016/9/30, 15, 17, 20, 7
2016/4/1, 41, 18, 25, 11
2016/4/2, 51, 21, 31, 6
2016/4/3, 47, 18, 32, 6
2016/4/4, 31, 18, 22, 13
2016/4/5, 38, 13, 27, 5
2016/4/6, 31, 13, 28, 5
2016/4/7, 8, 15, 27, 8
2016/4/8, 42, 19, 34, 10
2016/4/9, 53, 15, 29, 5
2016/4/10, 34, 18, 28, 13
2016/4/11, 42, 13, 32, 8
2016/4/12, 14, 19, 23, 13
2016/4/13, 43, 21, 32, 10
2016/4/14, 63, 15, 30, 6
2016/4/15, 22, 11, 30, 3
2016/4/16, 17, 12, 30, 3
2016/4/17, 23, 12, 24, 9
2016/4/18, 30, 18, 30, 6
2016/4/19, 29, 19, 30, 7
2016/4/20, 18, 22, 29, 8
2016/4/21, 38, 18, 28, 5
2016/4/22, 16, 13, 29, 3
2016/4/23, 5, 9, 27, 2
2016/4/24, 4, 10, 23, 7
2016/4/25, 12, 10, 31, 4
2016/4/26, 7, 7, 33, 2
2016/4/27, 4, 11, 33, 6
2016/4/28, 21, 8, 26, 6
2016/4/29, 19, 10, 34, 5
2016/4/30, 13, 13, 36, 3
2016/5/1, 8, 16, 38, 9
2016/5/2, 37, 15, 30, 4
2016/5/3, 12, 16, 36, 9
2016/5/4, 28, 15, 41, 9
2016/5/5, 28, 17, 46, 11
2016/5/6, 24, 21, 56, 10
2016/5/7, 36, 19, 54, 7
2016/5/8, 26, 17, 45, 9
2016/5/9, 19, 21, 33, 11
2016/5/10, 32, 18, 47, 7
2016/5/11, 23, 24, 56, 7
2016/5/12, 40, 25, 46, 6
2016/5/13, 32, 18, 35, 1
2016/5/14, 11, 13, 33, 2
2016/5/15, 9, 11, 32, 3
2016/5/16, 9, 19, 34, 8
2016/5/17, 37, 19, 33, 11
2016/5/18, 38, 12, 31, 6
2016/5/19, 24, 13, 18, 8
2016/5/20, 29, 10, 27, 4
2016/5/21, 19, 12, 25, 4
2016/5/22, 14, 7, 27, 4
2016/5/23, 9, 17, 24, 3
2016/5/24, 17, 15, 23, 7
2016/5/25, 27, 20, 40, 9
2016/5/26, 61, 28, 34, 7
2016/5/27, 76, 29, 45, 5
2016/5/28, 78, 35, 26, 6
2016/5/29, 71, 24, 25, 4
2016/5/30, 51, 10, 21, 6
2016/5/31, 22, 33, 17, 9
2016/6/1, 67, 26, 26, 4
2016/6/2, 59, 21, 26, 4
2016/6/3, 51, 42, 32, 7
2016/6/4, 92, 33, 44, 5
2016/6/5, 66, 19, 45, 6
2016/6/6, 40, 28, 48, 7
2016/6/7, 53, 31, 31, 8
2016/6/8, 58, 19, 40, 4
2016/6/9, 32, 19, 40, 6
2016/6/10, 24, 19, 40, 5
2016/6/11, 39, 35, 39, 7
2016/6/12, 68, 16, 20, 5
2016/6/13, 14, 11, 21, 5
2016/6/14, 10, 12, 22, 4
2016/6/15, 8, 11, 23, 6
2016/6/16, 9, 17, 26, 5
2016/6/17, 34, 17, 25, 4
2016/6/18, 32, 18, 33, 2
2016/6/19, 16, 13, 22, 4
2016/6/20, 26, 14, 13, 5
2016/6/21, 18, 10, 22, 5
2016/6/22, 15, 20, 45, 6
2016/6/23, 23, 18, 28, 4
2016/6/24, 38, 18, 22, 4
2016/6/25, 28, 11, 25, 4
2016/6/26, 10, 11, 15, 5
2016/6/27, 13, 12, 31, 6
2016/6/28, 25, 19, 26, 4
2016/6/29, 11, 13, 16, 5
2016/6/30, 16, 10, 14, 5
2016/1/4, 35, 15, 17, 8
2016/1/5, 16, 14, 6, 16
2016/1/6, 35, 10, 19, 8
2016/1/7, 20, 20, 21, 12
2016/1/8, 24, 13, 18, 7
2016/1/9, 25, 12, 26, 4
2016/1/10, 35, 8, 19, 10
2016/1/11, 25, 10, 21, 7
2016/1/12, 25, 12, 19, 8
2016/1/13, 18, 10, 18, 8
2016/1/14, 19, 15, 20, 10
2016/1/15, 43, 14, 26, 8
2016/1/16, 32, 15, 22, 9
2016/1/17, 28, 24, 8, 20
2016/1/18, 65, 29, 4, 23
2016/1/19, 71, 41, 2, 27
2016/1/20, 96, 50, 4, 22
2016/1/21, 117, 31, 6, 18
2016/1/22, 79, 26, 14, 8
2016/1/23, 56, 16, 18, 6
2016/1/24, 35, 13, 15, 9
2016/1/25, 28, 18, 18, 8
2016/1/26, 36, 10, 23, 5
2016/1/27, 16, 17, 23, 11
2016/1/28, 17, 10, 21, 7
2016/1/29, 16, 13, 25, 4
2016/1/30, 19, 13, 21, 5
2016/1/31, 27, 12, 26, 4
2016/2/1, 18, 13, 26, 5
2016/2/2, 14, 13, 23, 7
2016/2/3, 24, 11, 21, 9
2016/2/4, 26, 21, 6, 14
2016/2/5, 51, 11, 24, 3
2016/2/6, 18, 11, 27, 2
2016/2/7, 17, 13, 28, 2
2016/2/8, 13, 15, 27, 7
2016/2/9, 24, 9, 24, 6
2016/2/10, 19, 19, 14, 17
2016/2/11, 49, 14, 18, 13
2016/2/12, 36, 21, 7, 18
2016/2/13, 57, 17, 12, 7
2016/2/14, 54, 11, 24, 6
2016/2/15, 26, 17, 15, 17
2016/2/16, 38, 27, 12, 19
2016/2/17, 66, 28, 17, 15
2016/2/18, 66, 24, 19, 14
2016/2/19, 63, 10, 23, 3
2016/2/20, 23, 5, 25, 1
2016/2/21, 8, 8, 26, 5
2016/2/22, 23, 14, 22, 8
2016/2/23, 36, 15, 21, 14
2016/2/24, 32, 17, 24, 13
2016/2/25, 50, 25, 19, 19
2016/2/26, 67, 22, 25, 14
2016/2/27, 60, 16, 27, 4
2016/2/28, 51, , 26, 11
2016/2/29, 39, 28, 15, 15
2016/3/1, 69, 12, 26, 5
2016/3/2, 18, 15, 25, 10
2016/3/3, 32, 17, 17, 16
2016/3/4, 45, 23, 19, 19
2016/3/5, 58, 25, 20, 10
2016/3/6, 70, 14, 23, 9
2016/3/7, 32, 22, 17, 16
2016/3/8, 54, 16, 26, 8
2016/3/9, 42, 36, 20, 18
2016/3/10, 85, 52, 18, 10
2016/3/11, 121, 37, 21, 11
2016/3/12, 89, 19, 26, 4
2016/3/13, 50, 22, 22, 9
2016/3/14, 57, 31, 16, 12
2016/3/15, 72, 25, 23, 9
2016/3/16, 62, 34, 26, 12
2016/3/17, 74, 26, 20, 8
2016/3/18, 59, 15, 28, 2
2016/3/19, 16, 15, 30, 3
2016/3/20, 22, 18, 28, 5
2016/3/21, 31, 21, 21, 7
2016/3/22, 58, 14, 29, 5
2016/3/23, 27, 38, 18, 12
2016/3/24, 80, 20, 26, 5
2016/3/25, 36, 18, 28, 8
2016/3/26, 39, 10, 30, 2
2016/3/27, 10, 9, 29, 1
2016/3/28, 4, 11, 28, 5
2016/3/29, 12, 12, 27, 6
2016/3/30, 19, 17, 24, 11
2016/3/31, 43, 15, 25, 10
2015/10/1, 43, 21, 18, 15
2015/10/2, 54, 27, 15, 15
2015/10/3, 67, 32, 23, 9
2015/10/4, 81, 13, 13, 10
2015/10/5, 35, 15, 8, 10
2015/10/6, 39, 10, 14, 6
2015/10/7, 9, 16, 14, 8
2015/10/8, 36, 19, 22, 10
2015/10/9, 46, 25, 13, 8
2015/10/10, 66, 25, 18, 7
2015/10/11, 62, 26, 10, 17
2015/10/12, 58, 33, 11, 12
2015/10/13, 75, 22, 7, 13
2015/10/14, 59, 20, 1, 11
2015/10/15, 63, 21, 1, 14
2015/10/16, 54, 19, 3, 9
2015/10/19, 62, 15, 16, 9
2015/10/20, 39, 27, 10, 11
2015/10/21, 61, 12, 13, 7
2015/10/22, 26, 24, 17, 13
2015/10/23, 35, 26, 13, 13
2015/10/24, 50, 20, 18, 10
2015/10/25, 38, 26, 9, 14
2015/10/26, 54, 31, 6, 15
2015/10/27, 63, 28, 1, 13
2015/10/28, 54, 21, 18, 12
2015/10/29, 40, 23, 6, 14
2015/10/30, 45, 35, 6, 12
2015/10/31, 75, 32, 11, 10
2015/11/1, 70, 41, 4, 18
2015/11/2, 79, 30, 6, 17
2015/11/3, 60, 18, 18, 13
2015/11/4, 29, 18, 11, 11
2015/11/5, 36, 11, 15, 6
2015/11/6, 20, 10, 14, 5
2015/11/7, 14, 16, 17, 6
2015/11/8, 20, 15, 23, 4
2015/11/9, 13, 15, 20, 6
2015/11/10, 19, 16, 20, 6
2015/11/11, 25, 16, 14, 12
2015/11/12, 30, 16, 22, 5
2015/11/13, 24, 13, 21, 5
2015/11/14, 11, 17, 21, 2
2015/11/15, 17, 12, 23, 5
2015/11/16, 15, 12, 21, 4
2015/11/17, 9, 20, 26, 4
2015/11/18, 22, 18, 25, 7
2015/11/19, 19, 12, 17, 11
2015/11/20, 14, 12, 20, 8
2015/11/21, 18, 9, 21, 4
2015/11/22, 17, 19, 15, 15
2015/11/23, 28, 11, 15, 10
2015/11/24, 33, 10, 17, 10
2015/11/25, 35, 17, 14, 15
2015/11/26, 26, 17, 12, 14
2015/11/27, 51, 12, 23, 4
2015/11/28, 11, 15, 27, 2
2015/11/29, 21, 14, 26, 6
2015/11/30, 13, 14, 21, 9
2015/12/1, 22, 16, 21, 9
2015/12/2, 20, 17, 18, 11
2015/12/3, 31, 15, 19, 8
2015/12/4, 24, 13, 19, 6
2015/12/5, 26, 13, 20, 3
2015/12/6, 28, 23, 12, 12
2015/12/7, 48, 16, 14, 11
2015/12/8, 42, 20, 16, 14
2015/12/9, 26, 12, 16, 7
2015/12/10, 22, 10, 17, 9
2015/12/11, 40, 14, 17, 11
2015/12/12, 33, 11, 22, 5
2015/12/13, 44, 23, 10, 14
2015/12/14, 52, 24, 4, 16
2015/12/15, 63, 16, 15, 9
2015/12/16, 29, 24, 15, 8
2015/12/17, 30, 23, 15, 10
2015/12/18, 31, 22, 15, 6
2015/12/19, 40, 23, 15, 5
2015/12/20, 35, 11, 23, 5
2015/12/21, 13, 6, 21, 4
2015/12/22, 9, 18, 23, 7
2015/12/23, 25, 11, 20, 4
2015/12/24, 21, 15, 23, 4
2015/12/25, 18, 12, 20, 3
2015/12/26, 21, 30, 17, 5
2015/12/27, 47, 23, 7, 12
2015/12/28, 48, 17, 11, 12
2015/12/29, 50, 14, 16, 7
2015/12/30, 28, , , 
2016/1/2, 27, 9, 22, 3
2016/1/3, 9, 14, 19, 9
2015/7/1, 43, 26, 82, 8
2015/7/2, 57, , , 
2015/7/8, 17, 10, 26, 3
2015/7/9, 12, 11, 45, 8
2015/7/13, 9, 11, 14, 4
2015/7/14, 24, 10, 15, 6
2015/7/15, 35, 11, 43, 6
2015/7/16, 40, 19, 38, 4
2015/7/17, 31, 13, 38, 4
2015/7/18, 27, 12, 32, 4
2015/7/19, 36, 10, 16, 9
2015/7/20, 25, 10, 23, 4
2015/7/21, 11, 13, 31, 6
2015/7/22, 22, 13, 37, 5
2015/7/23, 25, 17, 43, 10
2015/7/28, 5, 10, 26, 3
2015/8/13, 48, 14, 42, 4
2015/8/14, 22, 14, 23, 20
2015/8/15, 30, 9, 21, 2
2015/8/16, 13, 6, 19, 3
2015/8/17, 9, 8, 23, 6
2015/8/18, 21, 11, 35, 6
2015/8/19, 29, 17, 40, 8
2015/8/20, 41, 19, 46, 9
2015/8/21, 52, 25, 52, 7
2015/8/22, 58, 26, 44, 7
2015/8/23, 51, 12, 25, 6
2015/8/24, 30, 9, 26, 3
2015/8/25, 15, 8, 27, 3
2015/8/26, 10, 9, 19, 7
2015/8/27, 8, 11, 18, 5
2015/9/1, 14, 12, 24, 8
2015/9/2, 22, 14, 21, 9
2015/9/3, 37, 9, 18, 8
2015/9/4, 28, 10, 21, 2
2015/9/5, 17, 13, 23, 2
2015/9/6, 7, 10, 18, 4
2015/9/7, 10, 8, 19, 6
2015/9/8, 11, 14, 25, 7
2015/9/9, 28, 11, 22, 10
2015/9/10, 22, 16, 22, 13
2015/9/11, 43, 19, 22, 11
2015/9/12, 44, 8, 18, 5
2015/9/13, 26, , , 
2015/9/15, 3, 8, 15, 7
2015/9/16, 6, 10, 24, 5
2015/9/17, 24, 21, 6, 12
2015/9/18, 56, 16, 23, 4
2015/9/19, 30, 12, 28, 4
2015/9/20, 23, 16, 27, 11
2015/9/21, 38, 11, 20, 6
2015/9/22, 25, 11, 17, 7
2015/9/23, 26, 10, 19, 8
2015/9/24, 13, 13, 15, 9
2015/9/25, 20, 14, 24, 8
2015/9/26, 25, 12, 24, 6
2015/9/27, 22, 13, 22, 7
2015/9/28, 19, 11, 23, 8
2015/9/29, 30, 11, 23, 9
2015/9/30, 24, 17, 24, 9
2015/4/1, 8, 12, 29, 4
2015/4/2, 19, 16, 26, 10
2015/4/3, 24, 13, 29, 7
2015/4/4, 35, 9, 34, 4
2015/4/5, 19, 13, 26, 7
2015/4/6, 37, 19, 30, 12
2015/4/7, 62, 33, 24, 12
2015/4/8, 89, 31, 37, 15
2015/4/9, 82, 62, 43, 13
2015/4/10, 101, 18, 33, 7
2015/4/11, 41, 15, 35, 6
2015/4/12, 36, 13, 31, 4
2015/4/13, 20, 25, 36, 11
2015/4/14, 51, 24, 44, 10
2015/4/15, 40, 16, 31, 5
2015/4/16, 33, 12, 32, 4
2015/4/17, 18, 13, 36, 5
2015/4/18, 19, 15, 37, 4
2015/4/19, 30, 16, 38, 8
2015/4/20, 42, 15, 35, 10
2015/4/21, 32, 16, 35, 6
2015/4/22, 33, 29, 30, 10
2015/4/23, 60, 40, 49, 10
2015/4/24, 71, 24, 30, 6
2015/4/25, 57, 13, 28, 4
2015/4/26, 36, 10, 28, 2
2015/4/27, 20, 13, 27, 6
2015/4/28, 21, 16, 32, 10
2015/4/29, 25, 11, 32, 5
2015/4/30, 15, 13, 32, 12
2015/5/1, 25, 17, 35, 6
2015/5/2, 36, 13, 22, 8
2015/5/3, 42, 8, 31, 5
2015/5/4, 11, 18, 35, 5
2015/5/5, 20, 11, 32, 4
2015/5/6, 12, 14, 31, 4
2015/5/7, 21, 19, 36, 15
2015/5/8, 40, 15, 36, 3
2015/5/9, 23, 22, 39, 5
2015/5/10, 37, 22, 40, 9
2015/5/11, 33, 18, 33, 9
2015/5/12, 39, 14, 35, 9
2015/5/13, 34, 12, 34, 5
2015/5/14, 24, 15, 35, 4
2015/5/15, 21, 20, 28, 5
2015/5/16, 42, 16, 39, 7
2015/5/17, 43, 16, 32, 8
2015/5/18, 29, 12, 28, 5
2015/5/19, 16, 10, 31, 5
2015/5/20, 21, 14, 35, 7
2015/5/21, 31, 16, 38, 9
2015/5/22, 41, 30, 26, 9
2015/5/23, 57, 16, 42, 4
2015/5/24, 38, 15, 30, 4
2015/5/25, 32, 11, 28, 3
2015/5/26, 10, 12, 36, 8
2015/5/27, 30, 17, 33, 6
2015/5/28, 29, 15, 33, 8
2015/5/29, 26, 8, 28, 4
2015/5/30, 19, 14, 25, 6
2015/5/31, 27, 11, 27, 6
2015/6/1, 25, 14, 27, 5
2015/6/2, 21, 14, 29, 4
2015/6/3, 33, 19, 48, 9
2015/6/4, 37, 23, 49, 9
2015/6/5, 45, 13, 36, 5
2015/6/6, 36, 15, 37, 7
2015/6/7, 26, 15, 32, 4
2015/6/8, 19, 14, 33, 4
2015/6/9, 15, 18, 46, 5
2015/6/10, 23, 14, 55, 6
2015/6/11, 33, 20, 58, 9
2015/6/12, 39, 15, 43, 4
2015/6/13, 29, 18, 45, 4
2015/6/14, 43, 11, 35, 3
2015/6/15, 28, 12, 30, 4
2015/6/16, 18, 18, 41, 9
2015/6/17, 34, 13, 27, 4
2015/6/18, 29, 12, 22, 6
2015/6/19, 26, 8, 23, 3
2015/6/20, 18, 14, 25, 6
2015/6/21, 36, 13, 20, 6
2015/6/22, 28, 12, 25, 5
2015/6/23, 22, 17, 36, 5
2015/6/24, 34, 20, 45, 12
2015/6/25, 52, 21, 48, 9
2015/6/26, 46, 15, 30, 6
2015/6/27, 36, 22, 41, 6
2015/6/28, 39, 18, 36, 7
2015/6/29, 39, 20, 63, 9
2015/6/30, 46, 19, 92, 9
2015/1/1, 120, 12, 25, 4
2015/1/2, 60, 14, 17, 12
2015/1/3, 43, 11, 18, 
2015/1/4, 53, 15, 6, 20
2015/1/5, 62, 23, 7, 18
2015/1/6, 68, 20, 13, 16
2015/1/7, 61, 10, 21, 8
2015/1/8, 47, 9, 24, 6
2015/1/9, 36, 8, 28, 2
2015/1/10, 22, 15, 28, 3
2015/1/11, 21, 15, 25, 5
2015/1/12, 23, 10, 24, 6
2015/1/13, 23, 6, 27, 7
2015/1/14, 17, 7, 25, 4
2015/1/15, 18, 7, 26, 3
2015/1/16, 14, 19, 19, 12
2015/1/17, 57, 16, 21, 5
2015/1/18, 56, 12, 16, 14
2015/1/19, 46, 20, 12, 18
2015/1/20, 61, 29, 9, 19
2015/1/21, 78, 34, 4, 16
2015/1/22, 85, 42, 5, 16
2015/1/23, 99, 42, 18, 11
2015/1/24, 104, 23, 10, 16
2015/1/25, 51, 23, 19, 12
2015/1/26, 57, 16, 22, 8
2015/1/27, 27, 17, 26, 10
2015/1/28, 37, 10, 24, 7
2015/1/29, 12, 9, 27, 12
2015/1/30, 22, 18, 18, 12
2015/1/31, 50, 18, 18, 10
2015/2/1, 51, 8, 26, 5
2015/2/2, 18, 19, 9, 21
2015/2/3, 48, 17, 14, 16
2015/2/4, 47, 14, 11, 17
2015/2/5, 42, 17, 17, 9
2015/2/6, 58, 23, 19, 13
2015/2/7, 69, 26, 30, 3
2015/2/8, 46, 31, 18, 11
2015/2/9, 36, 12, 21, 10
2015/2/10, 27, 16, 15, 16
2015/2/11, 51, 32, 6, 19
2015/2/12, 79, 41, 19, 17
2015/2/13, 96, 30, 19, 12
2015/2/14, 75, 31, 11, 15
2015/2/15, 71, 55, 7, 15
2015/2/16, 136, 52, 16, 11
2015/2/17, 125, 27, 6, 19
2015/2/18, 68, 31, 19, 12
2015/2/19, 87, 27, 24, 6
2015/2/20, 77, 10, 28, 7
2015/2/21, 31, 18, 24, 12
2015/2/22, 51, 12, 28, 6
2015/2/23, 36, 9, 27, 8
2015/2/24, 11, 15, 22, 12
2015/2/25, 23, 18, 20, 10
2015/2/26, 53, 12, 30, 5
2015/2/27, 29, 21, 30, 10
2015/2/28, 37, 9, 31, 3
2015/3/1, 29, 12, 29, 5
2015/3/2, 9, 13, 24, 9
2015/3/3, 12, 10, 28, 8
2015/3/4, 19, 14, 25, 9
2015/3/5, 21, 21, 19, 19
2015/3/6, 47, 27, 27, 10
2015/3/7, 65, 25, 31, 7
2015/3/8, 64, 26, 23, 9
2015/3/9, 59, 23, 25, 9
2015/3/10, 67, 19, 18, 16
2015/3/11, 45, 26, 20, 21
2015/3/12, 62, 25, 18, 12
2015/3/13, 62, 25, 20, 8
2015/3/14, 67, 29, 13, 5
2015/3/15, 77, 25, 14, 15
2015/3/16, 70, 47, 23, 22
2015/3/17, 97, 55, 14, 16
2015/3/18, 121, 60, 24, 11
2015/3/19, 144, 58, 9, 16
2015/3/20, 139, 53, 28, 6
2015/3/21, 128, 10, 24, 4
2015/3/22, 31, 24, 9, 15
2015/3/23, 63, 42, 22, 12
2015/3/24, 95, 43, 21, 10
2015/3/25, 106, 17, 25, 9
2015/3/26, 55, 14, 30, 6
2015/3/27, 28, 19, 22, 10
2015/3/28, 42, 10, 30, 2
2015/3/29, 26, 9, 32, 4
2015/3/30, 8, 11, 36, 2
2015/3/31, 12, 11, 31, 2
2014/10/1, 73, 22, 19, 12
2014/10/2, 58, 21, 16, 13
2014/10/3, 60, 18, 22, 13
2014/10/4, 77, 21, 27, 11
2014/10/5, 38, 15, 24, 4
2014/10/6, 33, 8, 20, 6
2014/10/7, 26, 10, 17, 8
2014/10/8, 14, 9, 20, 7
2014/10/9, 18, 15, 18, 8
2014/10/10, 31, 19, 10, 10
2014/10/11, 49, 15, 4, 8
2014/10/12, 56, 11, 22, 8
2014/10/13, 43, 10, 12, 7
2014/10/14, 18, 9, 7, 10
2014/10/15, 14, 12, 16, 9
2014/10/17, 35, , 21, 7
2014/10/18, 32, 10, 22, 4
2014/10/19, 24, 11, 20, 7
2014/10/20, 21, 12, 21, 6
2014/10/21, 29, 9, 24, 3
2014/10/22, 20, 14, 13, 13
2014/10/23, 42, 15, 13, 8
2014/10/24, 51, 12, 13, 8
2014/10/25, 50, 12, 15, 9
2014/10/26, 56, 14, 12, 12
2014/10/27, 57, 16, 7, 10
2014/10/28, 60, 14, 11, 10
2014/10/29, 68, 18, 2, 14
2014/10/30, 74, 19, 8, 14
2014/10/31, 71, 18, 13, 12
2014/11/1, 55, 15, 22, 4
2014/11/2, 56, 9, 25, 3
2014/11/3, 27, 8, 20, 12
2014/11/4, 17, 14, 4, 14
2014/11/5, 49, 17, 8, 14
2014/11/6, 67, 13, 14, 7
2014/11/7, 62, 9, 21, 5
2014/11/8, 38, 12, 13, 9
2014/11/9, 46, 15, 18, 9
2014/11/10, 62, 19, 7, 13
2014/11/12, 53, 15, 6, 16
2014/11/13, 63, 13, 6, 12
2014/11/14, 60, 13, 5, 15
2014/11/15, 60, 14, 16, 10
2014/11/18, 60, 20, 4, 9
2014/11/19, 78, 26, , 16
2014/11/20, 88, 20, 3, 17
2014/11/21, 78, 14, 3, 13
2014/11/22, 65, 18, 6, 12
2014/11/23, 72, 15, 20, 11
2014/11/24, 58, 16, 5, 22
2014/11/25, 63, 14, 2, 16
2014/11/26, 62, 17, , 12
2014/11/27, 72, 19, , 15
2014/11/28, 72, 20, 1, 12
2014/11/29, 75, 22, 1, 11
2014/11/30, 82, 24, 1, 11
2014/12/1, 91, 28, 1, 12
2014/12/2, 95, 30, 7, 11
2014/12/3, 94, 32, , 14
2014/12/4, 112, 37, , 12
2014/12/5, 118, 20, 15, 13
2014/12/6, 79, 14, 15, 13
2014/12/7, 60, 9, 11, 15
2014/12/8, 44, 12, 15, 14
2014/12/9, 42, 11, 19, 10
2014/12/10, 59, 9, 21, 9
2014/12/12, 19, 8, 15, 11
2014/12/13, 38, 14, 9, 12
2014/12/14, 65, 11, 15, 9
2014/12/15, 58, 13, 11, 15
2014/12/16, 65, 9, , 13
2014/12/17, 51, 8, 20, 7
2014/12/18, 39, 4, 23, 7
2014/12/19, 26, 9, 25, 6
2014/12/20, 31, 9, 22, 6
2014/12/21, 36, 5, 25, 4
2014/12/22, 29, 6, 26, 4
2014/12/23, 27, 6, 24, 4
2014/12/24, 36, 8, 23, 5
2014/12/25, 35, 9, 14, 10
2014/12/26, 46, 8, 20, 5
2014/12/27, 50, 8, 18, 8
2014/12/28, 39, , , 
2014/9/3, 49, 11, 27, 8
2014/9/4, 59, 20, 27, 11
2014/9/5, 84, 34, 34, 12
2014/9/6, 116, 41, 24, 10
2014/9/7, 109, 34, 40, 4
2014/9/8, 78, 21, 30, 7
2014/9/9, 59, 17, 22, 8
2014/9/10, 39, 16, 24, 8
2014/9/11, 54, 21, 29, 7
2014/9/12, 54, 15, 34, 9
2014/9/13, 56, 14, 35, 5
2014/9/14, 59, 18, 30, 4
2014/9/15, 53, 15, 23, 14
2014/9/16, 60, 21, 24, 15
2014/9/17, 59, 23, 35, 16
2014/9/18, 62, 24, 26, 17
2014/9/19, 61, 18, 27, 10
2014/9/20, 99, 26, 28, 10
2014/9/21, 100, 21, 31, 3
2014/9/22, 50, 20, 27, 4
2014/9/23, 61, 27, 27, 10
2014/9/24, 91, 40, 19, 12
2014/9/25, 65, 22, 20, 7
2014/9/26, 41, 13, 16, 10
2014/9/27, 55, 14, 20, 10
2014/9/28, 60, 18, 21, 12
2014/9/29, 59, 19, 15, 13
2014/9/30, 60, 21, 26, 11
2023/1/7, , 8, 27, 1
2023/1/8, , 7, 25, 3
2023/1/11, , 5, 25, 1
2023/1/12, , 14, 29, 2
2022/7/2, , 13, 26, 4
2022/7/3, , 11, 34, 4
2022/7/4, , 13, 31, 4
2022/7/5, , 16, 33, 3
2022/7/6, , 13, 23, 2
2021/10/1, , 10, 23, 2
2021/10/2, , 7, 24, 1
2021/10/3, , 7, 24, 1
2021/10/4, , 10, 26, 3
2021/10/5, , 10, 22, 4
2021/10/6, , 10, 20, 3
2021/10/7, , 15, 22, 7
2021/10/8, , 19, 17, 9
2021/10/9, , 32, 21, 8
2021/10/10, , 32, 22, 6
2021/10/11, , 18, 18, 5
2021/10/12, , 12, 18, 5
2021/10/13, , 12, 20, 5
2021/10/14, , 16, 18, 7
2021/10/15, , 15, 26, 5
2021/10/16, , 18, 22, 8
2021/10/17, , 18, 23, 7
2021/10/18, , 18, 16, 8
2021/10/19, , 14, 17, 4
2021/10/20, , 12, 23, 3
2021/10/21, , 11, 28, 2
2021/10/22, , 11, 23, 5
2021/10/23, , 15, 14, 7
2021/10/24, , 18, 20, 7
2021/10/25, , 13, 16, 5
2021/10/26, , 14, 22, 4
2021/10/27, , 13, 20, 4
2021/10/28, , 13, 20, 6
2021/10/29, , 19, 28, 4
2021/10/30, , 8, 24, 3
2021/10/31, , 10, 24, 2
2021/11/1, , 11, 25, 2
2021/11/2, , 12, 16, 7
2021/11/3, , 17, 3, 12
2021/11/4, , 15, 3, 14
2021/11/5, , 11, 14, 9
2021/11/6, , 13, 21, 6
2021/11/7, , 15, 25, 1
2021/11/8, , 26, 15, 11
2021/11/9, , 28, 15, 13
2021/11/10, , 33, 7, 13
2021/11/11, , 38, 7, 12
2021/11/12, , 26, 14, 10
2021/11/13, , 12, 12, 5
2021/11/14, , 20, 7, 7
2021/11/15, , 18, 13, 4
2021/11/16, , 28, 7, 8
2021/11/17, , 25, 15, 8
2021/11/18, , 21, 15, 10
2021/11/19, , 19, 15, 6
2021/11/20, , 17, 17, 6
2021/11/21, , 13, 18, 5
2021/11/22, , 15, 16, 9
2021/11/23, , 23, 2, 14
2021/11/24, , 31, 12, 13
2021/11/25, , 28, 5, 13
2021/11/26, , 6, 15, 8
2021/11/27, , 9, 16, 11
2021/11/28, , 11, 15, 9
2021/11/29, , 10, 17, 7
2021/11/30, , 10, 19, 6
2021/12/1, , 6, 24, 2
2021/12/2, , 10, 24, 6
2021/12/3, , 8, 20, 7
2021/12/4, , 8, 19, 5
2021/12/5, , 10, 23, 5
2021/7/14, , 9, 27, 2
2021/9/29, , 12, 21, 5
2021/9/30, , 11, 28, 3
2020/7/15, , 11, 17, 4
2020/3/31, , 15, 33, 7
2019/12/31, , 42, 8, 10
2019/7/18, , 12, 35, 4
2019/4/1, , 19, 25, 8
2019/4/2, , 30, 29, 12
2018/12/31, , 29, 26, 4
2019/3/30, , 30, 28, 5
2018/1/5, , 17, 15, 15
2017/4/4, , 28, 32, 7
2017/4/5, , 22, 26, 6
2017/6/7, , 13, 30, 4
2017/6/8, , 16, 26, 6
2016/10/11, , 10, 3, 7
2016/10/28, , 27, 17, 10
2016/11/10, , 46, 1, 14
2016/8/9, , 11, 20, 3
2015/10/17, , 23, 6, 11
2015/10/18, , 29, 2, 11
2016/1/1, , 14, 16, 7
2015/7/7, , 14, 24, 4
2015/7/10, , 16, 62, 7
2015/7/11, , 13, 18, 3
2015/7/12, , 9, 16, 5
2015/7/24, , 11, 31, 2
2015/7/25, , 13, 30, 4
2015/7/26, , 8, 26, 3
2015/7/27, , 14, 28, 3
2015/7/29, , 10, 22, 5
2015/7/30, , 12, 34, 5
2015/7/31, , 13, 46, 6
2015/8/1, , 19, 62, 6
2015/8/2, , 18, 57, 7
2015/8/3, , 18, 32, 7
2015/8/4, , 14, 44, 7
2015/8/5, , 20, 53, 8
2015/8/6, , 15, 28, 8
2015/8/9, , 18, 42, 6
2015/8/10, , 17, 22, 8
2015/8/11, , 19, 36, 5
2015/8/12, , 23, 46, 5
2015/8/28, , 14, 30, 7
2015/8/29, , 20, 39, 5
2015/8/30, , 14, 41, 8
2015/8/31, , 10, 25, 4
2015/9/14, , 10, 25, 3
2014/12/31, , 49, 20, 10
2014/11/11, , 11, 4, 15
2014/11/16, , 8, 15, 12
2014/11/17, , 12, 1, 13
2014/12/11, , 6, 23, 5
2014/7/1, , 10, 37, 6
2014/7/2, , 10, 59, 8
2014/7/3, , 14, 56, 10
2014/7/4, , 18, 30, 4
2014/7/5, , 14, 23, 2
2014/7/6, , 9, 23, 2
2014/7/7, , 10, 35, 5
2014/7/8, , 12, 25, 7
2014/7/9, , 8, 23, 4
2014/7/10, , 14, 38, 4
2014/7/11, , 23, 36, 5
2014/7/12, , 20, 26, 5
2014/7/13, , 14, 21, 4
2014/7/14, , 16, 32, 4
2014/7/15, , 22, 21, 8
2014/7/16, , 12, 41, 5
2014/7/17, , 16, 57, 8
2014/7/18, , 20, 82, 7
2014/7/19, , 24, 67, 8
2014/7/20, , 22, 45, 5
2014/7/21, , 19, 37, 5
2014/7/22, , 15, 46, 4
2014/7/23, , 18, 47, 6
2014/7/24, , 18, 33, 6
2014/7/25, , 16, 32, 4
2014/7/26, , 17, 44, 5
2014/7/27, , 21, 45, 4
2014/7/28, , 18, 43, 5
2014/7/29, , 18, 44, 5
2014/7/30, , 12, 31, 4
2014/7/31, , 12, 42, 7
2014/8/1, , 18, 52, 8
2014/8/2, , 22, 45, 8
2014/8/3, , 17, 36, 6
2014/8/4, , 11, 32, 6
2014/8/5, , 14, 38, 6
2014/8/6, , 16, 24, 10
2014/8/7, , 15, 31, 5
2014/8/8, , 19, 23, 10
2014/8/9, , 13, 32, 2
2014/8/10, , 12, 26, 4
2014/8/11, , 13, 27, 3
2014/8/12, , 10, 26, 3
2014/8/13, , 9, 29, 5
2014/8/14, , 11, 21, 7
2014/8/15, , 10, 24, 6
2014/8/16, , 9, 28, 3
2014/8/18, , 10, 22, 4
2014/8/19, , 10, 28, 6
2014/8/20, , 9, 24, 8
2014/8/21, , 9, 25, 9
2014/8/22, , 11, 21, 7
2014/8/23, , 10, 30, 5
2014/8/24, , 8, 29, 3
2014/8/25, , 12, 19, 10
2014/8/26, , 11, 15, 10
2014/8/27, , 12, 31, 11
2014/8/28, , 12, 21, 7
2014/8/29, , 11, 24, 8
2014/8/30, , 16, 21, 5
2014/8/31, , 13, 23, 5
2014/9/1, , 12, 14, 6
2014/9/2, , 13, , 
2014/4/1, , 40, 40, 20
2014/4/2, , 51, 33, 20
2014/4/3, , 48, 20, 14
2014/4/4, , 40, 29, 10
2014/4/5, , 29, 24, 7
2014/4/6, , 21, 26, 5
2014/4/7, , 9, 31, 4
2014/4/8, , 10, 33, 7
2014/4/9, , 12, 33, 12
2014/4/10, , 17, 32, 14
2014/4/11, , 20, 29, 6
2014/4/12, , 11, 32, 5
2014/4/13, , 20, 32, 4
2014/4/14, , 16, 34, 4
2014/4/15, , 14, 29, 11
2014/4/16, , 17, 33, 13
2014/4/17, , 18, 33, 4
2014/4/18, , 18, 38, 4
2014/4/19, , 15, 44, 5
2014/4/20, , 22, 34, 9
2014/4/21, , 31, 31, 11
2014/4/22, , 23, 35, 10
2014/4/23, , 16, 28, 17
2014/4/24, , 25, 38, 10
2014/4/25, , 25, 38, 5
2014/4/26, , 23, 35, 5
2014/4/27, , 11, 27, 15
2014/4/28, , 15, , 
2014/4/29, , 15, 29, 5
2014/5/1, , 36, 29, 6
2014/5/2, , 21, 37, 3
2014/5/3, , 11, 43, 6
2014/5/4, , 11, 46, 12
2014/5/5, , 16, 34, 11
2014/5/6, , 37, 29, 5
2014/5/7, , 20, 28, 5
2014/5/8, , 12, 31, 3
2014/5/9, , 10, 26, 4
2014/5/10, , 15, 31, 2
2014/5/11, , 13, 27, 6
2014/5/12, , 15, 29, 6
2014/5/13, , 10, 31, 5
2014/5/14, , 9, 27, 6
2014/5/15, , 11, 35, 8
2014/5/16, , 13, 39, 5
2014/5/17, , 12, 43, 9
2014/5/18, , 16, 45, 11
2014/5/19, , 18, 42, 9
2014/5/20, , 17, 32, 10
2014/5/21, , 13, 39, 6
2014/5/22, , 13, 34, 6
2014/5/23, , 11, 37, 8
2014/5/24, , 15, 36, 4
2014/5/25, , 10, 31, 11
2014/5/26, , 11, 31, 7
2014/5/27, , 14, 20, 8
2014/5/28, , 9, 14, 6
2014/5/29, , 11, 25, 5
2014/5/30, , 10, 23, 9
2014/5/31, , 15, 40, 5
2014/6/1, , 14, 54, 7
2014/6/2, , 17, 46, 9
2014/6/3, , 18, 25, 7
2014/6/4, , 15, 28, 4
2014/6/5, , 9, 48, 8
2014/6/6, , 11, 59, 9
2014/6/7, , 17, 46, 4
2014/6/8, , 20, 45, 4
2014/6/9, , 15, 39, 6
2014/6/10, , 13, 22, 8
2014/6/11, , 13, 40, 5
2014/6/12, , 13, 36, 6
2014/6/13, , 15, 33, 3
2014/6/14, , 11, 35, 2
2014/6/15, , 12, 26, 4
2014/6/16, , 14, 32, 3
2014/6/17, , 16, 23, 4
2014/6/18, , 16, 19, 6
2014/6/19, , 9, 22, 4
2014/6/20, , 14, 34, 4
2014/6/21, , 11, 29, 4
2014/6/22, , 13, 28, 5
2014/6/23, , 7, 31, 8
2014/6/24, , 11, 33, 3
2014/6/25, , 10, 43, 7
2014/6/26, , 13, 38, 12
2014/6/27, , 22, 21, 5
2014/6/28, , 13, 32, 4
2014/6/29, , 10, 31, 3
2014/6/30, , 9, 32, 6
2014/1/30, , 27, 13, 18
2014/1/31, , 37, 24, 5
2014/2/1, , 23, 23, 5
2014/2/2, , 18, 14, 13
2014/2/3, , 19, 22, 9
2014/2/4, , 18, 23, 6
2014/2/5, , 15, 23, 5
2014/2/6, , 15, 21, 7
2014/2/7, , 10, 25, 3
2014/2/8, , 8, 28, 2
2014/2/9, , 10, 13, 15
2014/2/10, , 13, 18, 10
2014/2/11, , 14, 25, 5
2014/2/12, , 11, 27, 8
2014/2/13, , 10, 21, 8
2014/2/14, , 11, 18, 2
2014/2/15, , 9, 25, 4
2014/2/16, , 12, 20, 10
2014/2/17, , 15, 8, 18
2014/2/18, , 19, 14, 13
2014/2/19, , 19, 16, 6
2014/2/20, , 14, 24, 7
2014/2/21, , 8, 22, 6
2014/2/22, , 10, 27, 4
2014/2/23, , 10, 24, 10
2014/2/24, , 11, 26, 7
2014/2/25, , 13, 23, 13
2014/2/26, , 12, 21, 10
2014/2/27, , 19, 25, 10
2014/2/28, , 11, 19, 8
2014/3/1, , 10, 30, 6
2014/3/2, , 16, 26, 8
2014/3/3, , 12, 25, 12
2014/3/4, , 14, 20, 20
2014/3/5, , 23, 25, 20
2014/3/6, , 34, 26, 13
2014/3/7, , 39, 22, 11
2014/3/8, , 31, 37, 10
2014/3/9, , 44, 28, 19
2014/3/10, , 48, 26, 7
2014/3/11, , 46, 21, 18
2014/3/12, , 52, 30, 22
2014/3/13, , 54, 22, 15
2014/3/14, , 51, 30, 7
2014/3/15, , 48, 27, 5
2014/3/16, , 20, 23, 8
2014/3/17, , 19, 21, 7
2014/3/18, , 20, 27, 7
2014/3/19, , 16, 35, 9
2014/3/20, , 20, 28, 10
2014/3/21, , 18, 27, 7
2014/3/22, , 16, 27, 6
2014/3/23, , 10, 27, 8
2014/3/24, , 10, 24, 16
2014/3/25, , 16, 28, 12
2014/3/26, , 18, 23, 15
2014/3/27, , 20, 32, 15
2014/3/28, , 25, 34, 15
2014/3/29, , 29, 39, 19
2014/3/30, , 27, 33, 25
2014/3/31, , 32, 34, 16
2014/10/16, , , 17, 11
2014/8/17, , , 21, 5
2014/4/30, , , 38, 7
2014/1/29, , , 10, 17